ViralOTU	SRR8653090	SRR8653247	SRR8653248	SRR8652861	SRR8653245	SRR8653221	SRR8653084	SRR8653218	SRR8652914	SRR8652969
vOTU_907	0	39	67	1	30	748	45	34	0	0
vOTU_546	0	0	0	398	7	0	3413	10	0	5
vOTU_1167	8	48	1	0	4	35	297	10	1333	466
vOTU_564	0	0	2730	0	0	0	0	0	0	0
vOTU_1061	0	4	4	647	36	11	572	488	0	275
vOTU_1379	0	0	13	56	2	35	0	1236	0	846
vOTU_1007	0	0	133	0	0	254	0	314	0	307
vOTU_1010	0	7	322	0	0	4	1	0	0	0
vOTU_626	0	0	2	26	0	0	8	0	565	0
vOTU_1397	0	0	0	0	0	166	0	0	0	7
vOTU_168	0	0	0	10215	0	0	0	138	0	0
vOTU_198	1	467	9	5	0	0	2855	0	3	3
vOTU_897	2	43	581	564	1482	399	1577	1066	3	206
vOTU_1744	4	0	1	0	0	20	0	0	0	182
vOTU_1528	0	0	218	0	0	0	0	0	0	0
vOTU_210	6	14	1	2	0	23	207	0	994	370
vOTU_261	177	4228	0	9	5	19	227	4	1378	226
vOTU_773	2	540	17	3	136	420	32	2	14	62
vOTU_1584	1594	49	10	215	351	19	77	109	75	172
vOTU_1651	0	0	0	1	0	120	0	0	0	0
vOTU_149	0	0	0	0	0	0	0	0	0	4595
vOTU_1261	157	149	102	12	8	471	165	0	474	403
vOTU_1132	2	18	51	1363	149	237	3969	248	0	497
vOTU_965	0	0	177	0	16	0	6	355	0	0
vOTU_1285	7	0	3	3	0	10	0	0	0	1047
vOTU_1088	0	0	0	16	0	287	0	0	0	48
vOTU_140	0	3644	97	46	0	56	32	197	170	4
vOTU_309	0	3	1451	0	0	30	0	76	0	4
vOTU_940	15	259	93	17	0	102	2263	14	3375	662
vOTU_1669	0	10	63	115	76	507	65	35	0	47
vOTU_414	0	0	1	10	14	15	0	46	0	5455
vOTU_817	0	1	0	0	0	426	12	0	0	66
vOTU_631	483	1	0	115	1092	0	92	523	53	25
vOTU_1233	2	11	281	8	33	351	0	33	0	0
vOTU_1180	0	41	0	0	0	441	1	0	0	0
vOTU_1641	0	100	0	0	0	1	305	0	0	0
vOTU_1299	0	30	247	2	16	459	0	68	0	0
vOTU_1311	0	0	0	0	0	0	0	471	0	0
vOTU_1163	22	4	0	0	0	0	497	0	36	52
vOTU_1143	0	0	0	746	0	365	0	0	0	176
vOTU_704	12	7	3	8	0	14	0	0	1	1864
vOTU_783	261	5	1	35	502	18	69	381	101	17
vOTU_1070	9	120	1	236	0	0	315	0	33	6
vOTU_1092	0	0	0	0	4953	0	286	0	5	2
vOTU_1660	0	0	2	0	10	0	206	0	0	0
vOTU_1325	0	3	0	7	0	189	0	269	1	801
vOTU_1700	0	59	0	0	0	31	353	0	0	0
vOTU_187	0	0	2	0	0	0	1915	0	0	0
vOTU_1011	146	0	0	45	2772	0	61	67	19	10
vOTU_1513	0	6	0	0	117	0	139	0	0	0
vOTU_343	0	129	0	5	0	2043	189	0	4	2
vOTU_804	0	0	1	0	0	0	430	0	0	0
vOTU_588	0	111	110	0	1393	1084	504	67	0	0
vOTU_316	0	46	330	0	58	3830	0	0	0	0
vOTU_1565	3	6	173	16	70	151	258	0	0	4
vOTU_841	0	0	0	0	8	0	613	0	0	0
vOTU_263	0	0	0	1169	0	0	0	0	0	0
vOTU_1690	1	0	0	0	0	0	0	0	6235	0
vOTU_439	2	12	0	0	2	678	9	0	27	40
vOTU_1616	2	0	0	0	0	6	0	225	0	116
vOTU_603	36	26	6	18	22	7	1732	2	112	19
vOTU_551	0	0	7	14	1023	62	2	21	20	77
vOTU_1044	0	0	0	284	0	0	0	0	0	0
vOTU_1194	9	60	1	21	0	99	258	0	5837	552
vOTU_1405	0	54	306	263	771	1714	0	2257	22	2214
vOTU_739	0	0	0	1	2	419	17	0	11	42
vOTU_520	0	0	0	1385	0	739	0	0	0	2
vOTU_154	0	13	35	124	4	51	0	3876	0	4114
vOTU_1455	358	169	203	238	544	59	379	2	8	24
vOTU_1208	0	0	0	0	0	271	0	905	0	14
vOTU_913	0	0	0	1468	0	413	0	0	0	7
vOTU_148	1	1	1857	18	13	65	0	830	0	38
vOTU_1203	0	76	82	224	720	615	5816	329	2	94
vOTU_304	0	0	304	56	5540	6	4	1	27	4
vOTU_15	0	0	266	484	5	4272	0	2	2	12
vOTU_1020	0	0	0	0	0	0	754	24	0	57
vOTU_534	0	0	0	0	0	0	0	0	0	910
vOTU_1292	0	17	159	280	533	92	0	394	0	2238
vOTU_1343	0	230	0	0	0	90	47	0	3	0
vOTU_1186	0	0	275	0	0	0	0	0	0	0
vOTU_1406	0	9	87	52	58	42	0	4	0	97
vOTU_6	36	8	664	331	55	672	0	13888	1	284
vOTU_177	0	54	54	0	153	31	2089	0	0	0
vOTU_1755	0	13	144	0	20	149	0	0	0	0
vOTU_1239	0	690	7	1	0	2	0	0	5	49
vOTU_173	0	0	4423	11	0	6	0	0	0	2
vOTU_1451	0	6	26	3	328	0	0	0	4	0
vOTU_1709	0	0	10	2	131	0	133	0	0	0
vOTU_1155	131	260	109	317	374	162	304	133	343	264
vOTU_182	19	0	1711	29	4	22	0	511	1	28
vOTU_535	2	0	0	363	0	637	0	0	0	0
vOTU_1718	0	0	0	0	0	0	140	0	0	0
vOTU_428	2	93	29	1	2	752	2	0	21	4
vOTU_600	0	0	0	0	9	0	764	0	0	0
vOTU_640	0	4	51	128	1136	425	0	4	9	347
vOTU_688	0	0	0	0	6	22	2430	0	0	0
vOTU_115	2	102	1706	4293	4505	948	2	2848	24	3220
vOTU_1559	0	0	0	0	0	151	0	0	0	18
vOTU_1509	0	0	0	167	0	1	0	0	0	0
vOTU_1229	3	12	0	61	0	1	0	0	177	0
vOTU_418	0	87	439	241	1219	2755	0	2974	23	3607
vOTU_96	1	0	194	88	166	330	2	32903	6	1081
vOTU_895	0	39	333	2138	457	889	4	3551	7	5185
vOTU_1434	769	341	2975	645	738	67	341	18	97	232
vOTU_668	53	2059	4	32	5	94	1275	6	8680	326
vOTU_1724	1	4	0	323	0	11	167	193	0	161
vOTU_389	0	51	976	660	579	1659	0	3092	11	3142
vOTU_1562	0	0	0	0	0	0	2118	0	0	0
vOTU_620	78	16	4	0	5	446	6	0	4	146
vOTU_369	0	0	0	0	0	0	1333	0	0	0
vOTU_1106	0	0	0	0	0	346	0	0	0	0
vOTU_1157	0	0	0	0	0	344	0	0	0	0
vOTU_1032	575	276	614	348	449	59	120	2	37	147
vOTU_644	0	0	18	10	2	0	678	0	0	2
vOTU_1171	0	0	0	0	0	101	0	0	2	267
vOTU_1479	54	3	5	716	2	1	0	20	0	27
vOTU_952	348	0	0	0	0	0	0	0	0	0
vOTU_151	0	0	1857	0	0	0	0	0	0	0
vOTU_836	5	53	4	460	0	5	15	0	75	11
vOTU_1121	0	3	220	218	22	34	0	2278	2	80
vOTU_358	0	99	921	1291	218	1419	4313	690	4	457
vOTU_297	4	1952	4	1	1	143	34	4	28	880
vOTU_1217	0	199	0	0	0	0	0	0	0	0
vOTU_1255	0	0	0	46	0	311	0	0	0	2
vOTU_1188	269	2	0	433	5121	0	33	254	14	0
vOTU_1365	20	18	321	640	706	688	0	1396	7	1101
vOTU_1436	0	270	0	0	0	188	289	0	0	0
vOTU_430	0	0	0	2	1417	0	1910	0	0	10
vOTU_993	0	0	0	0	0	105	248	0	0	0
vOTU_553	0	4	0	0	0	1	0	615	0	19
vOTU_834	0	62	91	0	127	683	101	25	1	13
vOTU_596	0	59	0	0	0	662	212	0	0	0
vOTU_672	0	12	179	0	272	1376	79	0	2	0
vOTU_1396	3	0	185	157	193	136	0	363	0	145
vOTU_1756	0	725	0	0	0	0	0	0	173	0
vOTU_1332	0	0	0	196	0	4	0	0	0	0
vOTU_458	0	0	0	1448	3	3	0	0	0	0
vOTU_1629	0	1	0	6	0	9	121	0	0	2
vOTU_1537	117	1	25	0	2	8	3	0	181	52
vOTU_573	0	0	0	23	0	0	0	669	0	0
vOTU_707	3612	4378	1	13	28	3	501	2	1489	221
vOTU_507	0	0	0	0	0	0	1368	0	0	0
vOTU_1218	4	75	371	507	673	1679	0	2484	16	2917
vOTU_155	1	22429	0	14	0	70	0	0	3	9
vOTU_1380	0	0	1	158	0	0	0	0	3	0
vOTU_942	0	9	0	285	0	1	0	0	2	0
vOTU_1677	0	0	1	0	0	117	1	0	3	0
vOTU_607	0	0	16	0	55	0	818	0	0	0
vOTU_1348	0	0	0	0	189	0	0	0	0	0
vOTU_901	647	219	429	332	207	33	147	0	30	56
vOTU_905	4	0	0	0	0	43	0	0	12	2597
vOTU_1579	0	10	10	0	42	1595	170	3	0	0
vOTU_1598	0	0	65	1	0	200	1	0	0	0
vOTU_1678	0	0	0	0	4	0	176	0	0	0
vOTU_1243	398	208	18	145	127	9	18	0	22	24
vOTU_1420	0	0	0	0	0	14	453	11	0	0
vOTU_289	1	47	291	51	1130	1780	7773	44	0	41
vOTU_622	0	0	0	0	0	4	0	2	0	1586
vOTU_72	290	86	13	3	25	136	1563	14	81	6793
vOTU_197	8	146	1755	4075	4494	2431	2	7333	20	3384
vOTU_468	0	0	769	11	14	0	0	2	0	0
vOTU_1012	0	0	0	178	0	0	0	272	0	0
vOTU_262	21	399	123	16	57	81	1902	6	168	385
vOTU_101	0	49	580	46	223	1377	3689	296	21	127
vOTU_400	0	0	0	0	0	376	786	0	0	0
vOTU_833	0	23	0	0	0	102	865	0	0	0
vOTU_1248	0	0	0	5337	0	672	0	0	8	596
vOTU_144	0	0	1799	25	9	304	0	0	0	3
vOTU_2	27	3201	1	38	47	20	14602	0	63	26
vOTU_285	0	42	0	0	0	1189	233	0	0	0
vOTU_628	22	270	0	2	37	7	1515	1	34	14
vOTU_1389	0	36	55	243	730	426	1815	273	0	101
vOTU_1105	58	328	21	349	0	11	18	5	4926	1145
vOTU_1148	369	28	12	161	2306	3	78	64	84	27
vOTU_1330	0	0	0	0	0	411	0	0	0	0
vOTU_540	1293	2907	205	1118	9	564	1094	24	10534	3058
vOTU_1270	0	0	0	0	0	228	0	0	0	0
vOTU_595	0	0	0	0	0	672	0	0	0	0
vOTU_1689	0	2	9	0	106	360	37	3	0	0
vOTU_611	0	19	220	2	58	1372	4	8	0	0
vOTU_774	6	7	146	741	24	22	2	1627	0	2538
vOTU_1699	458	1719	23	24	36	109	511	18	3541	638
vOTU_1193	0	0	0	0	0	0	196	0	0	0
vOTU_1004	0	0	0	0	0	0	5192	0	0	0
vOTU_512	2346	7339	420	97	65	2473	3255	49	19669	4337
vOTU_1291	0	0	0	2	0	0	0	0	5102	0
vOTU_1655	43	0	1	138	83	0	53	23	17	0
vOTU_809	0	0	16	0	58	0	513	0	0	0
vOTU_1076	0	0	0	0	0	4	0	0	0	959
vOTU_517	1622	226	10	10	0	10	0	10	22	2
vOTU_382	0	0	1	0	2	0	0	1085	0	0
vOTU_354	0	208	0	0	0	481	1079	0	0	0
vOTU_1293	1	0	31	1	5	21	516	0	0	0
vOTU_706	0	0	0	0	0	799	0	0	0	0
vOTU_777	31	4	6	81	0	781	0	1	0	5
vOTU_634	0	0	0	0	0	228	488	0	0	0
vOTU_1078	0	30	192	0	122	2251	24	23	0	0
vOTU_1260	0	0	40	21	2	46	448	11	0	2
vOTU_1039	510	192	352	292	372	56	73	0	39	152
vOTU_1371	0	0	0	0	0	195	0	0	0	0
vOTU_32	3396	5992	93	4332	22	868	2253	89	14720	3986
vOTU_497	7224	1432	158	63	11	97	204	4	1440	449
vOTU_1449	0	3	38	12	457	145	212	13	0	19
vOTU_1765	0	0	0	0	0	0	0	0	189	0
vOTU_891	22	58	4566	322	145	996	36	315	51	323
vOTU_1748	22	2153	0	45	4	23	912	12	3956	376
vOTU_1766	13	15	22	0	4	1	430	0	226	384
vOTU_1298	4	0	0	136	0	231	0	0	0	0
vOTU_1139	0	9	165	0	124	2161	6	19	0	0
vOTU_356	0	130	0	2	0	1308	1299	0	3	1
vOTU_1524	310	2608	1	56	25	139	160	5	4315	921
vOTU_465	0	0	5	12	83	5	1080	6	0	8
vOTU_1456	39	0	0	0	0	0	0	0	2	5947
vOTU_1235	0	0	348	0	0	0	0	1	0	0
vOTU_490	98	128	25	20	40	75	1009	3	397	530
vOTU_1046	0	50	0	0	0	1428	345	0	1	0
vOTU_1031	0	20	217	15	0	220	8	64	0	0
vOTU_1067	1	40	25	235	0	20	99	4	327	583
vOTU_1115	0	0	0	876	0	1	1905	0	0	159
vOTU_1362	247	0	36	25	33	0	0	0	0	0
vOTU_313	0	0	0	301	7754	0	10	20	0	0
vOTU_437	1041	0	2	248	86	0	82	418	32	0
vOTU_515	0	0	0	0	0	719	42	0	0	0
vOTU_1231	439	227	205	280	261	34	45	3	23	120
vOTU_1622	0	2	0	0	0	0	0	188	0	1
vOTU_23	0	0	0	0	6889	671	0	0	0	0
vOTU_1734	0	0	0	0	0	0	210	0	0	0
vOTU_618	0	45	227	5	2964	419	693	87	2	6
vOTU_949	0	0	0	1596	0	0	0	10	0	501
vOTU_415	0	0	0	0	0	0	1324	0	0	0
vOTU_98	2	125	0	1	0	37	94	0	13	74590
vOTU_1052	0	5	0	14	0	0	4	360	3	7
vOTU_466	220	1017	76	46	83	290	258	21	905	3460
vOTU_1057	25	13	2	0	0	0	1013	0	0	55
vOTU_1538	0	0	213	0	0	0	0	0	0	0
vOTU_370	0	0	0	0	2	0	1092	0	0	0
vOTU_1131	622	6	1	2	0	10	2	1	29	58
vOTU_383	0	31	285	910	1498	2150	813	99	0	822
vOTU_908	0	0	0	0	0	313	0	0	0	0
vOTU_933	2	39	3	22	2	191	47	21	376	10
vOTU_1302	0	0	0	29	0	12	0	303	0	0
vOTU_207	53	6893	2	5	0	13	31	2	206	93
vOTU_401	90	4	2	950	4	133	0	4911	0	470
vOTU_384	58	118	1	5937	169	17	2263	224	169	1907
vOTU_1552	0	0	170	0	0	0	0	0	0	0
vOTU_448	0	159	0	0	0	783	427	0	0	0
vOTU_1374	171	7	0	2	0	19	891	0	0	398
vOTU_1137	449	3493	7	47	10	41	803	17	7780	1180
vOTU_1432	0	190	0	0	0	117	38	0	0	0
vOTU_723	29	5	31	285	333	58	0	1892	0	623
vOTU_1542	0	0	0	0	142	0	0	0	0	0
vOTU_1485	0	0	6	0	0	171	0	0	0	0
vOTU_1214	0	0	205	0	0	0	0	0	0	0
vOTU_552	0	0	0	0	5	0	1210	0	0	0
vOTU_1692	0	478	0	1	0	0	18	0	0	675
vOTU_946	0	0	307	0	0	0	0	0	0	0
vOTU_1347	0	0	5	0	27	0	267	0	0	0
vOTU_293	89	144	1	11	1	16	3223	3	222	116
vOTU_1055	376	213	0	5	3	56	1098	2	5662	1912
vOTU_21	9	443	9	24	0	23	338	5	775	7762
vOTU_38	0	21	77	76	69	272	17626	920	0	47
vOTU_637	4	24	359	2	276	1886	126	641	0	4
vOTU_932	0	3	411	3	0	0	7	0	2	1
vOTU_323	4	200	1014	882	2356	5805	0	5952	46	7273
vOTU_938	2365	1072	3	35	2	9	275	0	2229	335
vOTU_842	0	29	76	225	274	278	0	4	2	261
vOTU_1494	0	0	38	1	7	30	465	23	0	2
vOTU_1124	0	0	9	0	291	5	4	5	0	0
vOTU_102	0	0	0	0	0	9377	0	0	0	0
vOTU_199	18	6	6	3	3	54	2243	0	1	513
vOTU_1427	5	4	8	1	0	72	7	0	532	73
vOTU_184	0	0	0	0	0	0	0	0	0	3817
vOTU_1426	57	9	1	507	259	259	0	5	4	1567
vOTU_1601	0	0	148	0	0	0	0	0	0	0
vOTU_1662	0	6	2	505	7	25	1718	54	0	251
vOTU_209	19	0	0	133	6245	1	33	6	18	0
vOTU_1262	0	33	337	0	36	325	2	69	0	0
vOTU_530	9	36	2	57	147	69	6243	85	1	28
vOTU_791	0	0	0	0	0	0	723	0	0	0
vOTU_1596	7	7	106	304	113	531	0	1685	0	1057
vOTU_1223	0	41	188	1074	609	81	1634	199	0	199
vOTU_1467	0	0	0	169	9	0	4	1	0	0
vOTU_1142	0	28	269	0	8	492	0	53	0	0
vOTU_1322	0	0	145	14	16	4	294	3	0	0
vOTU_311	0	0	40	2153	9	1347	0	0	0	0
vOTU_762	0	0	365	0	0	0	0	0	0	0
vOTU_556	0	0	0	0	0	1736	0	0	0	2
vOTU_257	29	74	93	20	7	116	198	0	217	1818
vOTU_347	83	57	2	9	5	41	2890	0	157	425
vOTU_445	104	0	37	0	15	0	38	2	12346	139
vOTU_689	57	1	9	0	0	23	34	0	540	327
vOTU_232	2	24	268	318	251	55	436	1735	0	81
vOTU_174	2504	191	0	214	0	1	1	0	163	0
vOTU_1599	0	12	208	112	304	359	0	1074	7	657
vOTU_117	0	44	596	1063	1548	850	0	8245	10	415
vOTU_869	0	0	0	476	0	0	0	0	0	0
vOTU_555	279	524	5	140	111	281	2264	1	16285	2878
vOTU_1433	0	0	0	0	0	307	0	0	0	0
vOTU_1549	42	1412	4	28	4	26	535	24	7056	604
vOTU_1409	2	5	161	331	244	1011	0	32	2	1209
vOTU_33	280	186	850	2358	1164	2677	0	26062	27	30629
vOTU_408	0	0	0	136	7	1	1460	228	0	0
vOTU_1176	0	0	0	143	0	0	0	0	0	0
vOTU_480	2	0	363	1408	0	54	0	4411	0	4209
vOTU_1033	0	0	0	122	3546	0	0	14	0	2
vOTU_1254	14	5	44	245	95	109	56	1172	6	873
vOTU_1532	0	6	37	96	346	21	0	573	7	2492
vOTU_1661	0	0	1	0	0	16	257	0	0	0
vOTU_1073	0	80	0	2	0	466	133	0	0	0
vOTU_447	0	31	497	1380	1323	0	0	0	2	1073
vOTU_3	0	0	0	28	14891	26	0	0	2	0
vOTU_593	0	0	507	0	0	0	0	0	0	0
vOTU_1246	0	15	365	777	1040	464	0	1428	11	532
vOTU_652	0	0	28	2	223	12	514	70	0	1
vOTU_1720	0	7	0	0	0	152	0	0	0	0
vOTU_1753	55	1693	14	9	2	51	15	3	5860	1026
vOTU_217	0	0	13	0	24	0	1163	0	0	0
vOTU_1219	0	0	20	0	44	0	348	0	0	0
vOTU_1241	3056	1393	8276	10603	2766	1381	1585	2870	1055	3168
vOTU_95	0	0	0	682	0	6	0	10529	0	0
vOTU_1249	0	0	2	1	0	2	30	0	2	363
vOTU_565	15	31	5	5	34	29	25	3	772	29
vOTU_1761	0	0	0	0	0	138	0	0	0	0
vOTU_181	2	130	509	588	1547	5677	5	2229	25	1938
vOTU_221	0	3	0	0	0	1557	5	0	0	0
vOTU_63	0	0	0	140	0	0	0	2	0	4858
vOTU_1138	0	6	263	2	1	89	57	7	0	0
vOTU_60	0	0	0	13508	0	0	0	4	0	947
vOTU_847	0	41	400	619	828	441	5111	311	5	38
vOTU_1035	0	0	0	4	0	43	551	1	0	0
vOTU_204	0	18	0	11	2	46	1941	3	0	835
vOTU_1492	0	27	0	0	2	555	214	0	2	0
vOTU_549	61	6	0	2	0	92	303	0	709	208
vOTU_1069	0	67	73	3090	188	71	0	68	3	1311
vOTU_1750	0	0	61	0	0	153	0	0	0	0
vOTU_586	218	28	17	1811	88	866	0	46	6	2135
vOTU_1074	0	0	15	59	0	0	2	0	309	2
vOTU_1573	70	3585	13	126	0	188	703	0	7018	2371
vOTU_37	0	0	16	19	15	6	5908	10	0	0
vOTU_936	0	0	0	0	0	398	0	0	0	0
vOTU_106	0	0	0	0	2	0	0	0	0	15861
vOTU_406	0	0	0	1262	0	6573	0	0	0	0
vOTU_367	0	81	204	43	107	1674	207	1036	0	0
vOTU_441	4602	0	0	928	1252	4	1	794	1	0
vOTU_1694	0	0	0	4	149	0	0	0	0	0
vOTU_1043	0	36	339	0	51	571	4	0	0	3
vOTU_641	0	0	73	0	2224	0	0	0	0	0
vOTU_258	34	449	2	140	4	12	70	15	7449	1482
vOTU_1736	0	0	0	141	0	9	0	0	0	0
vOTU_630	0	0	0	0	0	585	0	0	0	0
vOTU_1728	4	33	434	24	0	151	2	9004	1	897
vOTU_724	89	136	1	12	21	6	18	1	1372	53
vOTU_872	0	0	0	25	0	799	0	0	0	0
vOTU_393	16	70	191	499	1572	848	1	2321	13	1263
vOTU_927	0	1	0	0	0	15	447	0	0	0
vOTU_508	53	147	3	20	49	58	926	15	303	770
vOTU_560	0	0	0	0	0	809	0	0	0	0
vOTU_871	0	0	2	43	35	0	673	10	0	6
vOTU_813	0	0	0	0	0	311	0	0	0	0
vOTU_1336	0	0	0	14	0	10	0	0	253	381
vOTU_1382	0	0	18	17	29	57	0	62	1	767
vOTU_298	2	0	0	0	0	19	1554	0	0	0
vOTU_1269	0	0	177	716	0	24	0	2295	0	2395
vOTU_141	0	75	0	0	2	2613	0	400	0	0
vOTU_1048	7	0	0	0	0	2	19	0	316	26
vOTU_434	0	61	315	0	1288	1213	262	13	3	0
vOTU_597	0	0	0	581	0	2993	0	0	0	0
vOTU_878	0	0	0	282	0	223	0	0	0	0
vOTU_36	0	0	0	0	0	107280	0	0	2	0
vOTU_498	1466	23	0	6	0	6	4	2	97	21
vOTU_1412	0	47	225	17	977	781	100	123	0	0
vOTU_238	648	369	10199	879	751	57	220	2	71	328
vOTU_1202	0	0	0	252	0	32	0	0	0	8
vOTU_1006	0	54	150	23	59	689	165	435	0	10
vOTU_499	6	76	32	44	13	88	51	0	924	18
vOTU_1574	89	10	5	761	178	437	0	30	6	982
vOTU_671	39	74	25	460	99	1488	0	225	3	432
vOTU_886	497	446	44	240	107	57	35	2	82	93
vOTU_1110	2	3	0	0	0	0	4	0	339	22
vOTU_268	274	1452	31	29	1	45	1790	0	1808	501
vOTU_1206	0	0	0	167	824	278	0	0	0	190
vOTU_761	0	0	5	719	118	35	2629	1052	0	416
vOTU_1205	0	0	5	0	0	233	0	0	0	0
vOTU_286	0	24	9	1715	41	164	4857	19	0	663
vOTU_629	0	0	0	1956	0	2	0	0	0	0
vOTU_1207	0	0	281	0	0	0	0	0	0	0
vOTU_883	658	231	1846	260	536	35	267	0	59	113
vOTU_960	4	0	0	261	0	2	0	0	0	0
vOTU_1536	0	0	206	0	0	0	0	0	0	0
vOTU_625	0	0	114	22	225	36	840	42	2	21
vOTU_1352	2	0	0	255	2039	0	0	13	1	0
vOTU_1698	0	0	0	0	0	119	0	0	0	0
vOTU_300	0	158	164	2	2632	1711	1011	87	8	0
vOTU_1272	206	769	30	267	206	65	281	21	971	526
vOTU_633	0	20	142	931	143	275	3188	877	0	491
vOTU_203	0	98	602	0	763	4199	561	47	2	29
vOTU_1749	0	0	0	4	0	7	0	223	0	0
vOTU_1497	0	0	9	387	72	35	305	133	0	24
vOTU_251	0	4	3	210	16	2	4586	202	0	122
vOTU_1610	0	0	7	0	0	186	0	0	0	0
vOTU_1582	58	31	334	379	986	206	0	652	0	282
vOTU_179	0	0	0	0	3361	5	0	42	6	0
vOTU_951	0	0	0	404	0	190	0	0	0	0
vOTU_1363	16	185	8	242	0	12	43	0	111	144
vOTU_1037	0	1	8	0	1	51	580	0	0	0
vOTU_373	3219	291	9	32	63	382	375	29	1824	630
vOTU_46	0	0	0	0	7958	0	0	0	2	3
vOTU_479	764	4148	167	41	14	82	2103	11	6331	632
vOTU_1065	7	1	0	2	0	271	0	0	10	1315
vOTU_590	5	12	194	455	463	263	2	674	1	1539
vOTU_218	0	0	3226	0	0	1	0	0	0	0
vOTU_280	295	1104	43	91	297	1022	516	29	1180	1750
vOTU_135	1	12	400	6	9991	15	4	50	29	537
vOTU_108	22	224	575	1673	2882	5202	2	2628	52	832
vOTU_1375	0	0	0	0	0	252	0	0	0	0
vOTU_378	615	135	9469	206	489	47	679	0	17	79
vOTU_1654	0	17	178	0	43	752	3	1	0	0
vOTU_1441	2	43	222	272	407	972	0	1874	7	982
vOTU_1712	0	0	0	0	0	199	0	0	1	2
vOTU_1586	0	0	0	0	337	0	141	0	0	0
vOTU_1081	0	0	0	0	419	46	0	0	0	0
vOTU_397	2	0	0	1834	2	144	0	0	0	161
vOTU_801	0	54	0	3	0	348	3522	0	5	0
vOTU_539	0	6	403	0	1683	23	491	322	0	2
vOTU_1112	22	1266	2	46	1	35	449	2	2384	106
vOTU_1360	0	0	0	262	0	0	0	0	0	0
vOTU_1631	0	0	0	0	139	0	0	0	0	0
vOTU_810	1958	4388	46	221	24	373	3704	85	11443	1854
vOTU_700	0	0	0	745	0	12	0	0	0	118
vOTU_183	0	0	17	0	0	16	17	0	64	2626
vOTU_856	0	0	0	0	0	281	0	0	0	0
vOTU_1602	0	0	1	0	0	139	0	0	0	0
vOTU_50	6	19	72	133	5	135	17	1	38229	7439
vOTU_811	2875	86	22	191	2716	59	559	348	3250	317
vOTU_1735	285	1	0	81	34	0	3	82	0	0
vOTU_52	5800	167	23	204	2330	3	694	170	462	261
vOTU_664	1	1	0	0	0	3	836	0	17	25
vOTU_1327	0	0	79	2	0	14	185	4	0	0
vOTU_1704	0	0	0	0	0	2	0	209	0	0
vOTU_9	0	0	1	8	0	0	10331	2	0	0
vOTU_599	0	0	0	548	0	32	7961	0	0	1167
vOTU_450	0	0	12	0	630	9	6	5	0	0
vOTU_1588	211	0	27	11	33	0	0	0	0	0
vOTU_463	1	250	0	0	0	13	1015	0	5325	0
vOTU_1706	0	0	0	6	0	135	0	0	0	23
vOTU_638	0	0	489	0	0	0	0	0	0	0
vOTU_1626	0	0	14	0	441	29	168	1	0	2
vOTU_1040	0	0	0	28	0	0	0	288	0	0
vOTU_501	0	0	0	0	57	0	1529	0	0	0
vOTU_1633	229	179	234	17	15	668	1341	3	764	2143
vOTU_1707	0	0	1	2	0	181	0	0	0	0
vOTU_1237	0	2	22	4	197	8	66	33	0	0
vOTU_1482	0	13	194	419	569	300	535	392	3	37
vOTU_999	2	1	0	0	0	1	238	0	0	18
vOTU_1173	0	4	2	0	0	44	363	219	0	0
vOTU_312	1	90	6	20	0	4	392	0	12372	41
vOTU_1145	0	0	0	249	0	90	0	0	0	2
vOTU_662	0	0	2	0	29	0	658	0	0	0
vOTU_1639	0	0	0	0	0	766	1	0	4	0
vOTU_802	724	0	0	42	3205	0	72	222	47	0
vOTU_1556	0	0	22	4	164	6	80	22	0	2
vOTU_1306	959	0	0	190	1482	0	71	183	77	3
vOTU_1393	9	324	15	99	1	82	6	0	5009	932
vOTU_1597	1	60	2	0	0	156	6	0	5	69
vOTU_467	649	1788	112	1039	216	295	678	16	1857	1001
vOTU_1506	0	0	2	0	0	0	0	0	232	0
vOTU_1023	0	2	33	5	240	22	99	41	0	0
vOTU_1533	0	1	0	294	7	7	104	49	0	25
vOTU_377	0	56	756	0	161	2252	53	7	0	4
vOTU_1093	8	893	39	183	9	36	1151	8	38914	4365
vOTU_532	0	5	92	1	201	22	3544	886	0	53
vOTU_1429	68	4	11	6	0	40	31	0	282	536
vOTU_943	4	28	0	128	0	0	0	0	205	0
vOTU_1372	0	0	2	0	39	42	296	0	0	0
vOTU_452	0	11	19	0	0	2402	29	0	0	0
vOTU_1487	0	8	75	2151	1690	214	6465	211	3	798
vOTU_43	4556	0	6	46	20	0	78	176	0	20
vOTU_635	2	0	17	0	0	0	841	0	13	10
vOTU_716	0	116	0	0	0	180	570	0	0	0
vOTU_139	65	9788	21	1	0	10	253	0	266	169
vOTU_76	15	0	36	1528	39	3145	0	0	6	3
vOTU_547	23	76	2	591	25	5	29	5	75	40
vOTU_904	0	0	47	10	10	30	621	14	0	2
vOTU_738	0	0	0	540	0	21	0	0	0	0
vOTU_915	0	0	0	0	0	495	0	0	0	0
vOTU_1204	0	27	246	0	0	51	2	15	0	0
vOTU_190	326	12438	19	515	17	96	422	45	3278	461
vOTU_1496	0	54	239	301	378	456	0	4535	4	771
vOTU_1089	0	0	293	0	0	0	0	2	0	0
vOTU_471	0	0	419	28	2634	3	4	4	13	3
vOTU_988	0	31	75	0	564	543	284	35	0	0
vOTU_1050	0	0	0	0	677	44	0	0	0	0
vOTU_241	0	0	169	14	0	2	6748	0	0	0
vOTU_1619	185	0	2	215	4193	2	0	34	49	0
vOTU_386	270	0	93	2354	591	9	0	0	3	3132
vOTU_1547	2	0	0	20	0	0	1	469	0	1
vOTU_1252	0	0	0	0	0	3	221	295	0	0
vOTU_909	8	0	0	280	0	42	0	0	0	37
vOTU_1160	0	0	250	0	0	0	0	0	0	0
vOTU_1135	18	0	31	3	0	13	60	0	1	1050
vOTU_1472	1273	10	3	15	0	4	25	94	275	69
vOTU_521	0	0	0	94	0	42	0	882	0	0
vOTU_920	69	17	0	0	0	2	631	2	222	54
vOTU_525	0	12	543	3	164	296	120	48	0	0
vOTU_1104	312	0	0	0	0	0	2	0	0	0
vOTU_170	0	11	1703	741	271	6	0	288	4	111
vOTU_925	0	0	0	0	27	0	483	0	0	0
vOTU_1178	0	9	0	1769	0	68	0	0	0	363
vOTU_1594	0	0	1	0	3	0	315	0	0	0
vOTU_493	0	0	177	19	194	48	1139	97	1	2
vOTU_368	0	0	0	0	2787	0	0	0	4	0
vOTU_790	0	10	0	0	0	486	27	0	0	0
vOTU_1125	0	0	0	0	0	111	32	0	301	0
vOTU_49	8	57	2387	787	1457	318	119	12701	3	578
vOTU_245	0	0	11	2	0	44	1550	0	79	4
vOTU_1300	0	0	0	0	0	0	509	0	0	0
vOTU_470	0	0	0	0	0	0	0	0	809	4
vOTU_222	40	8905	1	14	16	15	115	3	390	84
vOTU_1168	0	1	27	2	1914	0	958	3	5	0
vOTU_1558	0	21	1	0	405	12	259	58	2	0
vOTU_504	47	4	0	464	44	814	0	6	2	5346
vOTU_574	0	0	0	4	4214	0	0	0	2	0
vOTU_1242	48	102	3	3	0	8	95	0	620	96
vOTU_1182	0	0	0	0	0	14	0	6	0	284
vOTU_1457	0	0	0	0	419	0	167	0	2	0
vOTU_1674	38	0	0	711	0	1	0	0	0	22
vOTU_398	0	11	0	23	6	1	7	906	1	8
vOTU_877	0	75	196	2	72	792	223	10	0	0
vOTU_1295	0	5	375	0	0	124	0	0	0	0
vOTU_188	0	74	542	2945	1655	7	2	2	5	204
vOTU_721	0	0	0	5	0	9	0	461	0	0
vOTU_1346	0	0	0	0	279	0	0	0	2	488
vOTU_132	4	39	40	86	133	318	0	460	2	12321
vOTU_796	2	0	0	3	7	89	794	72	0	8
vOTU_1309	331	0	0	38	1	0	26	7	15	0
vOTU_1754	2	0	350	120	11	91	0	855	1	16
vOTU_615	0	43	1117	39	730	28	165	1233	4	21
vOTU_1613	0	0	0	15	0	0	207	0	0	0
vOTU_1189	0	19	7	12	0	346	196	13	0	2
vOTU_911	8	1	462	74	67	60	0	1	0	103
vOTU_62	22	6	361	63	44	17	0	8818	0	9
vOTU_320	0	0	0	0	0	0	1188	0	0	0
vOTU_1672	74	4	5	452	0	0	0	32	0	17
vOTU_771	10	0	1	0	0	7	23	0	7204	1218
vOTU_1344	977	2057	98	508	1727	374	2350	28	5427	1482
vOTU_282	0	274	0	0	0	319	1453	0	0	0
vOTU_717	500	698	221	51	96	1078	825	10	2188	153
vOTU_506	152	0	7	0	0	69	971	0	3	19
vOTU_1123	0	0	36	10	10	37	437	6	0	0
vOTU_242	15	5903	5	27	288	15	210	24	14	280
vOTU_1162	139	23	194	1932	49	773	0	2791	4	2724
vOTU_1507	0	0	0	0	0	389	0	0	0	0
vOTU_646	0	94	341	35	267	3513	63	79	0	40
vOTU_715	0	60	0	2	0	2678	48	0	0	0
vOTU_1495	2	2	170	67	100	2	293	22	0	57
vOTU_1258	0	34	531	1122	1122	1188	0	2819	8	2279
vOTU_481	0	0	0	0	2606	0	7	0	0	0
vOTU_972	0	0	0	0	0	0	0	742	0	0
vOTU_578	0	543	0	2	0	2	14	0	6	5
vOTU_673	0	0	0	0	0	0	588	0	0	0
vOTU_582	28	6	134	667	155	607	0	2506	7	579
vOTU_396	2	0	9	6	10	0	1677	2	0	0
vOTU_865	0	4	218	788	59	192	0	2725	3	2769
vOTU_1390	0	26	596	0	0	116	0	10	0	0
vOTU_918	7	0	739	94	3	42	0	2260	0	37
vOTU_456	0	38	337	3	190	302	954	81	2	7
vOTU_820	0	106	378	0	404	2033	488	572	0	0
vOTU_1215	0	0	0	4	0	254	0	0	0	0
vOTU_868	0	0	8	0	49	4	331	0	0	0
vOTU_372	0	62	56	7	157	3424	12	9	0	31
vOTU_1385	0	0	0	0	0	4	0	0	177	0
vOTU_1465	0	0	263	0	0	0	0	0	0	0
vOTU_244	0	1	1191	20	439	62	0	52	1	274
vOTU_658	0	0	4	10	0	191	74	0	590	0
vOTU_1341	220	2	0	287	3444	0	44	66	65	2
vOTU_961	0	1	6	1	529	28	21	1	0	0
vOTU_1339	0	2	255	0	0	0	0	0	0	0
vOTU_989	272	1354	31	32	78	52	797	3	1799	565
vOTU_421	5	6330	33	114	0	18	85	5	851	174
vOTU_1278	0	0	0	0	0	10	2	11	0	234
vOTU_623	0	0	672	0	2	0	0	214	0	0
vOTU_653	149	510	65	14	607	691	166	11	1802	3523
vOTU_737	0	0	0	0	3750	0	0	0	336	0
vOTU_1550	5	3	0	0	4	7	2	2	33	140
vOTU_1384	19	4	0	19	0	4	0	276	2	20
vOTU_1713	2	40	104	0	0	0	0	0	179	0
vOTU_1184	0	6	0	0	0	210	0	291	4	1083
vOTU_1729	211	38	9	101	52	15	15	0	9	12
vOTU_1159	2	0	0	59	2	168	0	0	4	276
vOTU_740	0	22	393	595	5	1258	112	471	0	332
vOTU_1732	0	4	1	0	0	1	0	2	22	152
vOTU_970	4	0	0	288	0	35	0	0	0	42
vOTU_755	1	2	352	11	12	3	55	39	8	16
vOTU_1480	69	12	0	844	197	452	0	0	2	1078
vOTU_1280	642	233	984	7817	2830	5683	66	5610	167	10788
vOTU_727	22	33	154	722	1211	18	0	127	3	293
vOTU_74	220	5022	53	73	406	346	668	15	478	3718
vOTU_191	0	69	655	3329	1636	990	0	1847	3	353
vOTU_150	10	38	1100	3275	2655	5356	1854	297	0	974
vOTU_152	0	8	71	0	2	2514	0	15	0	0
vOTU_352	0	0	0	0	0	0	0	0	0	2155
vOTU_1008	0	1	0	220	0	0	89	41	0	0
vOTU_1624	0	25	6	0	0	11	168	30	0	0
vOTU_682	0	73	0	0	0	1746	31	0	0	0
vOTU_1476	0	22	166	0	91	518	232	9	0	0
vOTU_131	0	0	0	0	7083	0	2	0	1	0
vOTU_1369	2	0	0	504	0	73	0	0	0	101
vOTU_591	0	0	0	0	91	0	1029	0	0	0
vOTU_1758	0	0	0	29	0	0	0	0	215	0
vOTU_1294	4	0	0	396	0	12	5422	0	0	638
vOTU_1211	0	158	0	0	0	0	1	0	0	0
vOTU_1345	315	0	0	0	0	0	0	0	0	0
vOTU_657	0	5	0	0	0	639	20	0	0	0
vOTU_165	86	586	32	4	1	38	124	7	9961	2062
vOTU_1399	0	4	0	7	0	9	51	0	347	13
vOTU_380	0	0	0	0	1774	162	0	0	0	2
vOTU_17	0	2	0	21891	0	0	0	1	2	7171
vOTU_1458	0	0	0	157	0	15	0	0	0	0
vOTU_571	0	0	0	0	37	0	992	0	0	0
vOTU_1543	0	0	0	0	8	0	148	4	0	0
vOTU_1083	0	0	247	0	3	0	0	0	0	0
vOTU_543	2132	189	23	61	6	81	234	15	2706	441
vOTU_685	416	1867	72	38	0	283	258	45	13799	2780
vOTU_643	0	0	0	0	1682	0	0	0	5	0
vOTU_1056	0	16	13	0	0	27	4	0	29	233
vOTU_770	0	8	282	372	572	337	2	4	2	2465
vOTU_1303	28	119	8	3	2	190	33	0	27	358
vOTU_806	0	0	313	0	0	0	0	1	0	1
vOTU_410	250	922	45	41	2	130	2363	2	1653	709
vOTU_862	291	1039	4134	4041	10231	14405	21676	6272	558	2249
vOTU_1028	0	0	32	7	229	6	71	56	0	2
vOTU_1636	0	0	1	0	0	163	0	0	0	0
vOTU_1489	0	0	4	7	0	243	0	5	0	0
vOTU_748	6	183	203	4	0	0	56	0	377	12
vOTU_160	0	10	227	49	364	3739	489	2038	0	2
vOTU_647	0	0	0	24	0	941	0	0	0	0
vOTU_122	164	0	0	4166	0	0	0	3343	6	7479
vOTU_1274	0	21	562	168	183	99	18	671	1	364
vOTU_277	6879	12442	347	217	25	1372	5539	58	20542	5739
vOTU_522	0	98	259	0	195	3681	589	10	0	0
vOTU_387	629	294	20	63	415	222	2180	3	1049	1801
vOTU_1659	0	6	0	0	0	140	10	0	0	86
vOTU_831	2612	1784	59	217	5	164	1003	13	5104	1783
vOTU_1519	2971	0	0	638	1	4	0	234	1	0
vOTU_212	0	9	31	0	4648	17	880	39	0	16
vOTU_485	0	11	244	2623	3099	338	0	989	4	438
vOTU_654	0	0	0	688	0	1083	0	0	0	0
vOTU_100	4	3	2	0	4	7	3	1	10	5020
vOTU_1723	0	0	0	136	0	4	0	0	0	0
vOTU_1102	1845	50	0	7	20	7	70	0	208	20
vOTU_1066	0	4	206	0	858	5	167	11	0	0
vOTU_114	240	72	316	6126	0	15	0	3036	1	20662
vOTU_1430	2	1	1	2	4	94	372	7	0	0
vOTU_743	0	0	0	1	0	7	0	609	0	0
vOTU_781	0	0	0	513	0	0	0	0	0	0
vOTU_1000	18	2	0	0	0	2	1289	1	2	85
vOTU_1312	4	7	0	21	1	0	0	0	246	0
vOTU_1001	0	0	0	242	0	16	0	0	0	0
vOTU_1403	1	0	0	0	0	153	0	0	0	19
vOTU_1381	0	9	3	1	0	2	0	0	0	1778
vOTU_1620	45	1167	32	39	2	23	319	14	2670	404
vOTU_402	15	16	0	25	0	127	91	2	989	16
vOTU_5	0	650	0	4	0	1036	0	0	2	18134
vOTU_322	0	0	0	2306	0	0	0	0	0	98
vOTU_340	6	146	0	474	0	940	0	0	0	0
vOTU_584	0	0	0	0	0	0	0	914	0	9
vOTU_1289	0	12	160	95	362	765	0	19	6	1620
vOTU_436	0	0	0	109	0	66	0	901	0	0
vOTU_661	50	130	14	7	1	18	95	0	115	2163
vOTU_1247	0	0	1	3	0	2	0	411	0	0
vOTU_1119	195	2646	22	19	1	33	349	12	1658	608
vOTU_1523	0	0	0	0	27	0	0	0	3	146
vOTU_1560	312	191	144	137	158	8	44	0	9	27
vOTU_1606	26	0	0	201	3315	0	1	10	0	0
vOTU_1731	139	0	0	139	1033	0	40	49	18	9
vOTU_1275	0	39	56	0	78	558	233	25	0	0
vOTU_395	0	11	0	0	0	1018	30	0	0	0
vOTU_786	118	5	20	5	1	0	0	36	0	9428
vOTU_931	4	0	0	8	0	2	6	0	357	0
vOTU_1041	0	2	3	32	1443	62	182	0	0	0
vOTU_366	0	0	917	0	0	0	0	0	0	0
vOTU_1319	0	0	0	0	173	0	2	0	0	0
vOTU_276	10	4	25	3816	7	6079	0	5697	0	4774
vOTU_736	210	471	17	67	97	149	287	7	2173	226
vOTU_1617	0	0	0	179	0	0	0	0	0	0
vOTU_1708	0	0	12	47	228	332	43	0	0	8
vOTU_1305	16	3199	26	39	41	230	486	5	914	362
vOTU_1717	9	22	256	707	616	473	1	1174	4	681
vOTU_679	0	0	0	0	8	13	2639	0	0	42
vOTU_97	158	269	37	47	153	210	611	38	1350	3257
vOTU_45	0	5	2	48	51	132	4299	9	0	26
vOTU_746	0	0	0	12	382	0	11	0	0	0
vOTU_125	0	351	191	565	2204	267	8863	330	3	429
vOTU_1394	443	164	183	180	217	28	62	0	30	80
vOTU_1719	0	6	63	34	27	36	3475	165	0	0
vOTU_495	3	10	5	0	0	0	1	2	34	1938
vOTU_751	0	0	0	356	0	26	0	0	0	0
vOTU_1383	48	0	0	228	0	0	0	8	1	0
vOTU_1314	89	0	0	33	832	0	27	173	33	5
vOTU_41	13	11946	498	23	1	9	680	0	544	844
vOTU_963	1536	86	6	322	4282	8	232	167	358	126
vOTU_505	7	127	2	584	0	27	11	0	70	15
vOTU_729	0	0	0	0	32	0	608	0	0	0
vOTU_1462	5	17	2	5	0	16	466	0	39	161
vOTU_1502	0	0	0	0	0	0	207	0	0	0
vOTU_642	0	0	458	0	0	0	0	0	0	0
vOTU_524	5	5	1	0	8	515	33	0	1	150
vOTU_346	0	0	15	0	0	88	0	2604	0	91
vOTU_1328	29	0	0	10	0	17	0	0	2	778
vOTU_1461	204	7	0	0	0	0	2	0	0	0
vOTU_162	0	0	0	0	5051	0	0	0	0	0
vOTU_1015	0	0	0	0	0	0	242	0	0	0
vOTU_684	35	1083	17	4	2	182	124	2	195	1069
vOTU_85	587	2090	69	268	418	560	1693	42	3052	5485
vOTU_1525	0	4	0	0	0	0	135	0	0	2
vOTU_326	7	4614	0	6	2	65	6	0	77	21
vOTU_376	1487	5361	46	181	1849	288	1433	83	24999	3755
vOTU_1359	0	1	5	0	19	26	542	36	0	33
vOTU_1681	0	0	0	0	0	155	0	0	1	85
vOTU_1183	13	67	3	1	0	301	19	2	88	120
vOTU_205	0	39	116	26	1502	1565	351	7	4	1
vOTU_374	49	181	0	4	21	2	19	0	2011	56
vOTU_548	241	1460	24	41	1	38	1290	8	2408	654
vOTU_413	465	2547	1640	77	17	92	981	25	16902	1462
vOTU_489	1415	4	0	5	67	0	0	13	1050	92
vOTU_879	917	358	493	436	516	100	100	2	71	195
vOTU_1355	0	0	0	0	1057	0	0	0	0	0
vOTU_1401	0	27	42	0	381	350	197	12	2	0
vOTU_233	0	121	0	0	8	1391	0	0	0	0
vOTU_1014	2	0	0	281	0	57	0	0	0	24
vOTU_945	110	2637	3	29	8	123	968	19	9954	2341
vOTU_544	7	77	308	594	794	1437	0	4194	1	739
vOTU_536	0	0	554	0	0	0	0	0	0	0
vOTU_1098	0	51	428	0	447	728	163	317	0	0
vOTU_753	0	24	0	1	0	1009	141	0	0	0
vOTU_234	0	4	233	22	23	3437	0	440	0	2942
vOTU_156	5	0	11	1	0	21	19	0	89	3006
vOTU_941	0	0	0	0	0	0	0	410	0	8
vOTU_725	0	0	0	0	955	135	0	0	0	0
vOTU_133	1	0	0	1583	108	4	7596	80	0	15
vOTU_1592	0	0	10	0	32	19	278	0	0	0
vOTU_867	0	130	760	18	2057	1517	1957	402	0	4
vOTU_950	0	0	0	266	0	0	0	0	0	0
vOTU_975	0	0	0	0	0	0	0	356	0	0
vOTU_926	0	0	374	0	0	0	0	0	0	0
vOTU_1696	0	0	0	125	0	4	0	0	0	0
vOTU_89	5341	10	4	6	0	0	43	0	0	131
vOTU_1324	18	9	0	2	0	0	5	0	314	17
vOTU_923	0	43	287	0	0	340	0	95	0	0
vOTU_349	1883	3011	90	60	29	103	687	8	4206	1009
vOTU_758	497	2577	62	6	2	138	1290	5	3733	1284
vOTU_763	0	0	0	530	0	0	0	0	0	0
vOTU_265	6	38	14	40	2	0	29	0	17103	66
vOTU_873	2	5	3	72	0	131	20	0	862	172
vOTU_1569	6	94	7	0	0	18	36	0	0	350
vOTU_266	0	0	30	71	5	160	1909	7	0	0
vOTU_59	3	0	172	137	9	758	15985	47	2	134
vOTU_109	0	2	0	3195	0	90	0	0	4	169
vOTU_16	3	104	54	134	424	96	18227	138	4	48
vOTU_91	4035	1	0	584	0	5	0	0	0	0
vOTU_745	8	0	0	64	374	57	0	1	14	2160
vOTU_701	0	0	8	0	562	0	0	0	2	0
vOTU_837	0	37	0	321	0	0	78	0	3	3
vOTU_1080	0	6	0	0	127	0	214	0	0	0
vOTU_1226	0	0	16	0	22	0	292	0	0	0
vOTU_997	0	0	139	0	0	257	0	0	0	0
vOTU_1169	604	275	33	126	35	143	919	40	8944	596
vOTU_1643	0	0	0	10	0	127	0	0	2	0
vOTU_1752	0	0	11	0	22	0	196	0	0	0
vOTU_690	0	6	47	0	0	849	0	115	0	0
vOTU_996	0	0	38	1	673	0	0	238	12	9
vOTU_327	0	0	0	0	0	7347	0	0	0	0
vOTU_1421	0	26	26	0	261	17	165	1	0	0
vOTU_271	6	5072	0	48	0	20	35	16	2569	548
vOTU_1499	0	52	0	0	0	260	220	0	0	0
vOTU_1642	0	0	0	0	170	1828	0	14	6	2129
vOTU_1113	0	0	0	268	0	0	0	0	0	0
vOTU_25	1	0	149	11	213	31	5570	11	0	6
vOTU_317	0	19	58	2	1973	323	159	96	3	8
vOTU_608	5	0	1	0	0	80	75	0	558	44
vOTU_1244	0	96	0	2	0	334	417	0	1	0
vOTU_979	6	0	0	292	0	35	0	0	0	33
vOTU_1174	0	0	0	2	0	10	32	0	259	0
vOTU_390	5	5	7	0	0	2	0	0	1047	9
vOTU_355	0	0	0	0	0	2	1523	0	0	0
vOTU_1058	109	24	67	1035	372	718	0	93	12	2132
vOTU_35	0	115	96	39	7106	2989	5763	307	16	101
vOTU_1387	0	0	22	0	0	195	0	0	0	0
vOTU_1141	0	84	649	51	24	64	35	2016	0	329
vOTU_1198	0	0	0	0	29	6	1437	523	0	188
vOTU_1623	0	0	0	170	0	0	0	0	0	0
vOTU_1627	0	0	0	0	0	0	0	0	212	0
vOTU_235	0	0	1214	0	0	0	0	2	0	0
vOTU_331	16	21	14	0	0	71	10	0	1055	459
vOTU_799	466	0	0	1	0	0	0	0	0	0
vOTU_561	284	2688	2	7	4	6	12	0	102	20
vOTU_1539	0	1	7	55	3	16	0	650	0	310
vOTU_1190	191	531	1	0	0	11	987	3	502	665
vOTU_1323	0	6	247	0	0	15	0	0	0	0
vOTU_1029	456	581	658	185	672	324	701	234	884	496
vOTU_1091	0	43	130	6	23	886	82	244	0	2
vOTU_1164	392	2	28	0	818	0	0	0	0	16
vOTU_487	4	42	4	34	7	957	1812	59	11	11
vOTU_754	2	0	1	4	1	6	795	1	0	0
vOTU_980	0	279	0	0	0	0	0	0	0	0
vOTU_1009	0	105	337	53	1045	2344	0	1136	19	2342
vOTU_1095	3	71	492	219	919	275	0	8151	19	2872
vOTU_1118	3	0	308	15	9	45	0	800	1	37
vOTU_130	0	6	12	2	2	7144	17	2	0	0
vOTU_1657	4	0	0	0	0	138	0	108	0	447
vOTU_34	0	0	0	0	0	0	0	8089	0	0
vOTU_58	0	0	28730	0	0	0	0	0	0	1
vOTU_1152	0	0	23	6	170	6	72	36	0	2
vOTU_1440	0	0	0	0	0	110	176	0	0	0
vOTU_1151	0	0	22	7	40	4	377	6	0	2
vOTU_1416	0	25	207	0	1	351	0	68	0	0
vOTU_1746	0	2	0	0	0	0	2	0	210	465
vOTU_798	1053	5803	160	353	3825	549	2359	74	11493	794
vOTU_900	0	0	0	0	3134	0	9	0	122	29
vOTU_1730	0	0	11	0	0	183	0	0	0	0
vOTU_64	0	0	7	0	0	4	4361	3	0	10
vOTU_1301	14	2171	2	13	0	107	25	13	64	24
vOTU_1741	0	26	36	0	549	412	205	9	2	0
vOTU_1628	10	12	1	1	0	182	28	0	33	93
vOTU_1444	60	0	0	23	0	0	0	244	0	0
vOTU_474	3	25	0	0	0	663	0	0	58	671
vOTU_1287	0	0	0	142	611	238	0	0	0	18
vOTU_569	0	0	501	0	0	0	0	0	0	0
vOTU_427	0	0	786	0	0	2	0	0	0	2
vOTU_722	1	25	331	44	672	1461	2	70	2	785
vOTU_866	2	4	8	0	2	12	20	464	0	0
vOTU_676	0	1	0	0	0	510	6	0	0	0
vOTU_919	0	47	312	628	392	962	0	4016	12	2522
vOTU_1740	0	0	0	0	0	239	11	0	4	0
vOTU_928	0	0	0	0	0	207	355	0	0	0
vOTU_937	0	0	0	0	1444	0	10	0	0	0
vOTU_1664	32	1157	53	0	0	42	22	0	176	125
vOTU_812	0	0	0	0	0	232	423	0	0	0
vOTU_971	10	0	0	210	0	2	0	0	0	0
vOTU_526	37	3592	187	4	0	147	3	42	79	1
vOTU_1710	2	0	125	0	0	0	0	0	0	0
vOTU_225	2	0	1	1	1	30	7338	3	0	0
vOTU_1760	0	0	0	0	340	51	0	0	0	0
vOTU_1630	0	0	0	0	0	208	0	0	0	0
vOTU_1545	0	0	0	0	8	0	160	0	0	0
vOTU_1725	0	0	194	0	0	0	0	0	0	0
vOTU_279	0	0	0	0	0	46151	0	0	1	0
vOTU_815	3	87	190	0	3	0	0	0	338	0
vOTU_1701	240	1160	1	35	6	13	562	8	4900	584
vOTU_699	0	0	0	1	0	708	0	0	0	0
vOTU_1587	0	0	0	0	0	122	0	0	0	235
vOTU_681	0	0	0	61	4006	0	50	1	11	1
vOTU_1500	0	4	252	402	490	1135	0	1726	0	1997
vOTU_1077	0	4	25	0	551	88	28	8	2	2
vOTU_1062	235	103	1090	109	492	24	147	2	21	42
vOTU_857	0	6	9	14	1113	62	0	101	17	3979
vOTU_1170	0	0	0	0	0	0	200	0	0	0
vOTU_541	0	0	0	724	2	0	0	0	0	0
vOTU_1471	4	124	0	23	0	2	673	0	32	45
vOTU_478	0	0	0	0	2290	0	0	0	0	0
vOTU_1555	0	11	241	636	685	0	0	0	4	501
vOTU_779	0	0	0	0	0	222	427	0	0	0
vOTU_1097	0	5	0	261	0	26	0	0	0	3
vOTU_1282	0	0	0	0	0	106	280	0	0	0
vOTU_814	0	0	0	0	502	0	960	4	0	0
vOTU_821	12	2085	0	4	78	36	8	8	17	393
vOTU_1257	9	0	0	0	0	16	0	4099	0	1136
vOTU_692	0	33	42	295	634	1424	263	68	2	110
vOTU_273	0	157	227	0	2496	2514	1203	128	2	1
vOTU_1245	0	0	235	0	0	0	0	0	0	0
vOTU_305	0	1	132	0	7	88	1754	77	0	2
vOTU_674	0	0	0	0	0	238	536	0	0	0
vOTU_1498	0	8	9	0	0	0	244	0	4	1
vOTU_677	0	0	0	0	0	0	0	665	0	10
vOTU_1517	1	19	0	416	273	179	0	0	0	39
vOTU_714	279	1538	1	43	0	114	2	0	3317	2083
vOTU_1263	0	0	0	206	588	0	30	19	18	4
vOTU_1290	0	5	0	0	447	8	460	0	0	0
vOTU_1361	7	14	182	1098	188	527	0	1213	7	1528
vOTU_196	2756	477	28	114	2822	79	1190	440	1565	553
vOTU_1460	42	223	8	189	34	13	63	1	235	76
vOTU_537	2	0	0	231	2	0	0	3653	0	0
vOTU_202	2	148	756	1873	1845	4748	2	1747	29	205
vOTU_12	0	1	0	0	3	1	6746	159	3	6
vOTU_1703	0	2	0	4	51	0	0	613	0	0
vOTU_959	7	49	25	21	0	18	54	3	562	171
vOTU_288	2	2	7	72	197	1820	0	133	0	2351
vOTU_73	0	3	553	4414	729	295	0	12	1	510
vOTU_1644	215	18	0	0	0	2	0	0	0	0
vOTU_854	0	4	4	0	732	60	54	3	2	0
vOTU_557	0	0	593	0	0	0	0	0	0	0
vOTU_201	0	3	0	0	0	40	2197	0	0	0
vOTU_613	19	1	0	6068	0	2	0	0	0	0
vOTU_1431	1	12	159	0	52	30	8	3	0	3
vOTU_1511	0	0	0	106	258	0	0	0	0	0
vOTU_1251	371	131	374	160	156	20	45	0	32	56
vOTU_1018	0	29	272	0	78	1272	0	0	0	0
vOTU_1510	0	0	0	0	0	209	0	0	11	942
vOTU_860	2887	738	1	42	3	29	246	3	567	134
vOTU_1408	418	150	1735	210	486	14	225	0	30	51
vOTU_1721	9	0	0	19	1544	0	20	10	0	0
vOTU_585	330	116	27	12	0	0	657	0	0	0
vOTU_1742	0	0	0	121	0	13	0	0	0	0
vOTU_239	667	1716	3	21	8	26	927	11	2644	4784
vOTU_69	3	122	1409	615	1312	10066	0	4929	29	11467
vOTU_1111	0	0	12	0	54	5	390	0	0	0
vOTU_840	0	0	337	0	0	0	0	0	0	0
vOTU_79	4	0	13	2	11	30	3	0	19946	3841
vOTU_563	2527	2976	202	529	34	1505	2343	41	25809	3952
vOTU_570	0	0	0	0	1793	0	0	0	4	0
vOTU_1002	4	78	571	1259	1396	731	3970	784	2	283
vOTU_1575	0	0	0	225	0	97	0	0	0	0
vOTU_845	9	347	34	12	0	4	25	13	595	64
vOTU_730	0	21	280	799	1076	152	0	685	12	668
vOTU_22	424	510	14	143	10	889	538	18	548	12332
vOTU_475	0	49	292	402	604	1745	2	1664	13	2220
vOTU_858	0	0	69	9	4	42	627	9	0	2
vOTU_1463	0	58	251	266	521	1511	2	1607	20	1918
vOTU_1166	0	0	29	0	0	202	0	0	0	0
vOTU_1271	22	0	0	135	3095	0	111	24	48	20
vOTU_1470	427	123	148	134	198	37	119	0	25	85
vOTU_511	0	0	2817	0	0	0	0	0	0	2
vOTU_253	0	0	0	0	8256	0	0	0	2	0
vOTU_211	0	22	311	633	459	1147	0	0	0	294
vOTU_1240	210	400	0	0	0	7	544	0	1	101
vOTU_756	0	0	0	53	8	20	954	210	0	5
vOTU_1653	1058	165	15	84	14	8	84	0	530	34
vOTU_455	2580	231	1	463	949	10	118	448	41	62
vOTU_1424	346	4	0	4	10	0	0	10	0	0
vOTU_984	2	20	540	776	783	232	0	1811	8	1897
vOTU_363	1007	3496	122	160	406	185	936	38	5758	2899
vOTU_910	0	39	0	0	1749	84	620	0	0	0
vOTU_1402	482	229	73	193	293	63	42	2	8	142
vOTU_1216	0	0	0	0	0	0	0	293	0	0
vOTU_310	0	0	3478	25	0	137	1	0	0	0
vOTU_778	0	6	404	0	28	214	98	36	0	4
vOTU_145	26	42	895	4917	2338	1348	2	2833	19	1387
vOTU_1483	2	0	0	0	0	164	0	0	0	114
vOTU_213	0	0	0	0	0	2660	0	0	0	0
vOTU_473	0	68	0	463	1	2	3	0	147	0
vOTU_581	1206	1306	76	84	44	695	128	5	3764	2073
vOTU_1086	0	0	0	0	0	664	0	0	0	0
vOTU_765	398	29	127	32	35	1	25	0	2	10
vOTU_1540	0	0	0	11	11	43	596	25	0	0
vOTU_1580	134	38	905	66	107	11	294	0	8	55
vOTU_1144	1	1	0	0	0	953	19	1	0	0
vOTU_294	0	0	0	1217	0	0	0	0	0	0
vOTU_711	0	0	0	0	0	1	8022	0	0	0
vOTU_469	3141	11735	28	246	8	670	6086	120	45242	6201
vOTU_29	3	16	138	7	1	19	46	1	61	10843
vOTU_606	1	2	0	298	30	114	2764	574	0	116
vOTU_1064	562	13	0	140	235	9	33	180	63	24
vOTU_789	1	12	0	1	0	170	2	539	0	1151
vOTU_417	2	0	5	29	41	219	2487	69	0	2
vOTU_1609	0	0	0	11	0	8	1	0	2	354
vOTU_1120	22	16	233	351	158	633	0	1306	1	905
vOTU_967	0	0	0	0	0	1191	0	0	0	0
vOTU_1024	329	66	0	0	2	0	8	0	39	7
vOTU_1308	300	0	0	216	78	0	52	107	39	3
vOTU_1201	2	10	0	334	249	204	0	0	1	30
vOTU_1213	0	11	238	513	422	367	0	1754	1	609
vOTU_61	17	124	976	1305	2241	4011	2	3740	33	15374
vOTU_1316	162	1375	6	40	5	174	337	5	4637	142
vOTU_1377	0	4	205	0	0	1	0	0	0	0
vOTU_476	0	11	0	5	0	2263	1215	2	11	0
vOTU_1026	3178	204	34	525	2922	178	966	320	3425	1052
vOTU_44	0	10	4184	16	222	71	0	20	0	19
vOTU_966	0	0	0	9	0	21	1	380	4	8
vOTU_324	0	10	40	12	90	116	1866	81	0	3
vOTU_998	0	0	0	309	0	0	0	0	0	0
vOTU_442	0	0	1951	5	2	20	0	0	0	0
vOTU_885	0	0	0	0	0	214	421	0	0	0
vOTU_805	12	10	153	438	449	4	0	0	5	994
vOTU_175	0	72	1132	1308	2257	554	0	1	5	2186
vOTU_994	0	25	0	0	4	528	0	85	0	0
vOTU_656	0	25	17	0	49	1178	64	10	0	3
vOTU_281	1403	0	0	180	1	0	145	68	6	0
vOTU_1448	516	234	137	237	257	31	51	2	31	134
vOTU_1154	0	0	0	0	0	0	0	393	0	0
vOTU_119	68	120	1038	3552	4586	10	0	0	14	1655
vOTU_892	4	19	391	682	0	1419	2	468	0	326
vOTU_696	0	0	0	570	0	0	0	1	0	1183
vOTU_827	0	0	0	0	984	38	0	0	0	0
vOTU_1745	0	0	0	179	2	20	0	0	0	0
vOTU_825	0	90	18	0	0	7	10	8	1724	1282
vOTU_54	151	14219	31	131	2	25	194	5	918	215
vOTU_1068	429	0	0	0	0	0	0	0	0	0
vOTU_760	377	281	0	31	0	26	213	33	6050	2217
vOTU_976	0	0	42	15	300	16	112	55	0	2
vOTU_137	0	6	0	0	0	19	3379	2	0	0
vOTU_171	8	1	2045	71	10	114	0	1840	0	18
vOTU_399	0	12	0	9	0	1183	0	37	0	0
vOTU_726	0	17	327	0	31	972	2	30	0	0
vOTU_1232	0	2	0	11	248	0	0	0	0	0
vOTU_712	0	0	30	0	417	12	0	0	0	0
vOTU_1679	4	14	2	436	300	154	0	0	0	53
vOTU_1181	43	3	0	0	2	12	0	0	7	343
vOTU_775	0	0	0	1	2	11	869	3	0	0
vOTU_1005	1	4	2	0	0	18	0	0	4	1111
vOTU_1400	0	0	0	191	0	29	0	0	0	0
vOTU_223	0	33	106	257	93	226	0	7191	6	627
vOTU_243	0	5	31	2	49	141	6735	48	0	8
vOTU_88	556	1541	83	177	680	195	529	71	16739	963
vOTU_698	0	0	41	758	3	0	2	0	0	2
vOTU_562	0	0	0	1867	0	25	0	0	0	0
vOTU_1529	2	4	188	688	51	137	0	2395	0	2214
vOTU_882	3	10	10	40	11	9	2427	40	0	73
vOTU_894	1	1	9	3	0	0	19	0	6	1564
vOTU_353	33	8	65	240	59	1796	0	164	2	345
vOTU_1484	0	2	0	0	0	7	0	4	2	222
vOTU_219	0	29	152	556	156	1762	3	2522	9	120
vOTU_853	587	3	2	6	44	0	0	0	0	3
vOTU_538	0	20	176	494	128	1147	0	3569	2	1268
vOTU_924	2	12	152	801	310	1193	0	3068	4	3358
vOTU_1051	0	0	340	0	0	0	0	0	0	0
vOTU_1504	0	0	0	0	0	132	256	0	0	0
vOTU_708	550	4454	18	22	21	108	1690	25	11502	283
vOTU_143	4	8	203	712	81	178	0	9183	4	2570
vOTU_1464	0	12	45	0	172	177	56	0	0	0
vOTU_639	10	0	14	25	4	94	132	0	4	851
vOTU_48	0	0	16	18	79	0	10876	4	0	0
vOTU_1493	0	0	0	0	305	1	207	0	0	0
vOTU_1727	0	4	234	0	0	0	0	0	0	0
vOTU_829	303	22	0	1	0	0	9	0	0	3
vOTU_875	2	14	322	606	559	164	0	177	4	356
vOTU_1658	0	0	0	0	0	190	0	0	0	0
vOTU_1691	4	2	0	48	17	0	2	196	0	0
vOTU_264	0	174	275	0	2852	2469	1321	161	7	5
vOTU_440	0	2	153	4	0	1513	0	158	2	1744
vOTU_236	61	25	410	470	3163	1882	2378	16	12	6
vOTU_1415	0	0	0	0	0	0	0	0	0	239
vOTU_1227	9	53	5	6	2	15	119	1	446	71
vOTU_1675	0	23	21	2	270	330	136	16	0	0
vOTU_1340	0	0	0	338	1	0	0	222	0	0
vOTU_1140	283	0	0	3	269	46	310	0	0	0
vOTU_874	0	0	0	0	0	678	0	0	0	0
vOTU_516	796	322	73	426	829	106	64	0	111	175
vOTU_884	0	0	0	0	0	170	436	0	0	0
vOTU_1376	0	0	0	0	0	126	0	0	0	0
vOTU_906	3	8	0	6	1	0	3	0	407	27
vOTU_1259	18	18	5	7	0	6	18	0	482	23
vOTU_249	664	6	4	259	10496	2	326	327	108	15
vOTU_446	59	32	3	3	0	44	29	0	916	2930
vOTU_1702	0	0	0	0	0	0	0	0	0	232
vOTU_1646	0	0	15	10	137	3	64	26	0	4
vOTU_1253	0	30	1	1	0	977	2235	2	1	2
vOTU_260	0	0	0	0	0	0	0	4381	0	20
vOTU_394	2	1	0	0	0	0	1411	0	0	0
vOTU_1439	529	0	0	56	16	0	33	23	11	0
vOTU_127	0	312	0	0	0	162	2450	0	0	0
vOTU_1268	47	452	148	109	438	248	985	479	160	134
vOTU_598	47	18	2	10	2	34	665	0	12	1361
vOTU_651	0	7	44	0	15	105	479	55	0	0
vOTU_1650	0	0	0	146	0	227	0	0	0	0
vOTU_1670	0	0	0	359	0	3	1971	0	0	219
vOTU_602	0	0	0	1	0	0	0	0	513	0
vOTU_750	0	13	1	877	49	28	1425	128	0	191
vOTU_787	0	86	479	0	371	841	124	36	1	0
vOTU_864	0	0	456	0	27	0	0	0	0	1
vOTU_575	0	18	123	194	103	595	443	1297	0	95
vOTU_461	3	0	1109	0	1577	0	1126	0	12	0
vOTU_1109	4	0	0	208	0	15	4324	0	0	880
vOTU_1236	54	210	14	29	179	38	251	0	770	142
vOTU_1117	0	9	224	740	177	12	0	1573	1	1748
vOTU_1368	1	4	7	2	1	3	2	0	629	10
vOTU_784	0	0	0	2029	0	0	0	6	0	571
vOTU_1714	181	0	0	0	0	0	0	0	0	0
vOTU_240	107	0	2	987	10610	0	31	564	239	4
vOTU_636	42	56	14	1	0	21	11	1	2414	719
vOTU_566	152	3368	17	9	1	48	303	1	871	333
vOTU_216	0	0	0	0	1	0	0	1853	0	0
vOTU_1200	0	45	45	0	241	1220	200	71	2	0
vOTU_792	220	0	1	404	1304	0	103	96	91	27
vOTU_189	2	136	1098	4164	4825	1649	4	4588	24	2105
vOTU_1054	401	332	118	155	571	184	2260	814	453	314
vOTU_318	0	0	0	0	0	5310	0	0	0	0
vOTU_295	2296	0	0	238	18	0	92	12	219	3
vOTU_483	17	371	2	126	3	56	989	7	10934	2246
vOTU_1747	0	4	13	0	317	258	133	6	2	0
vOTU_1147	0	1	0	100	5	7	345	81	0	187
vOTU_81	96	1	45	97	66	74	0	29	1	7298
vOTU_558	0	0	0	6	0	7	1019	108	2	63
vOTU_482	531	5571	40	258	47	115	2471	10	18243	4079
vOTU_1473	0	0	311	0	78	177	28	49	1	0
vOTU_500	85	3021	4	16	0	55	738	21	26882	3473
vOTU_554	0	1	0	0	0	0	0	0	0	2114
vOTU_1084	0	0	48	134	15	0	1875	148	0	66
vOTU_1114	657	3991	11	149	668	70	543	32	3499	1226
vOTU_619	0	0	0	0	0	1052	0	0	0	0
vOTU_648	0	0	0	5	7	181	1761	47	0	2
vOTU_341	1	0	0	8	5	308	1385	0	0	127
vOTU_1398	6	8	64	0	1288	122	280	21	0	503
vOTU_1590	2	0	0	0	0	125	0	0	0	2
vOTU_27	68	18289	199	11	2	161	88	0	491	636
vOTU_47	3	0	0	3103	190	19	1525	2946	0	154
vOTU_1273	270	0	0	0	0	0	0	0	0	0
vOTU_1276	0	0	0	184	0	0	0	0	0	0
vOTU_888	6	51	0	117	0	451	0	0	0	64
vOTU_404	16	40	296	84	2	4	0	105	0	2621
vOTU_1191	0	94	0	5	1	640	56	9	0	2
vOTU_1757	370	2204	33	16	2184	248	325	3	537	486
vOTU_776	98	34	0	3	2	67	62	2	498	58
vOTU_589	0	0	0	0	0	13	0	0	0	405
vOTU_916	0	0	0	18	367	0	0	0	0	0
vOTU_1128	0	0	0	266	0	0	0	0	0	0
vOTU_24	0	0	69	0	12264	0	0	0	6	8
vOTU_991	0	0	391	0	0	0	0	0	0	0
vOTU_292	23	22	677	302	105	469	0	5960	2	426
vOTU_519	0	0	0	0	2099	0	0	0	2	0
vOTU_893	444	0	0	0	0	0	2	0	0	0
vOTU_93	0	213	447	0	5	2569	2	186	0	0
vOTU_229	0	12	46	346	9	156	2816	571	0	358
vOTU_381	6	104	763	764	1872	4645	0	5146	36	6308
vOTU_1279	0	2	23	8	179	13	75	32	0	0
vOTU_1684	0	32	287	0	40	634	5	23	0	0
vOTU_80	0	0	2006	0	0	0	2	0	0	0
vOTU_1333	0	0	256	0	0	0	0	0	0	0
vOTU_247	32	400	14	30	77	13	1882	16	154	69
vOTU_332	3796	12	3	620	3100	10	74	470	41	121
vOTU_40	0	10	397	725	1860	322	0	17	8	3293
vOTU_412	0	1	12	1	2775	73	60	9	0	5
vOTU_1739	0	48	285	525	714	177	595	226	2	211
vOTU_1568	9	0	0	0	0	147	77	0	3	14
vOTU_1378	32	68	3	53	2	25	124	2	5890	1757
vOTU_594	0	0	0	2926	0	0	0	3	0	0
vOTU_1158	0	0	0	288	0	0	0	0	0	154
vOTU_1546	0	0	55	0	0	16	182	0	0	0
vOTU_1695	0	0	0	7	250	0	0	118	0	0
vOTU_403	188	1031	31	35	4	37	239	6	7057	389
vOTU_687	0	1	26	8	1881	37	61	3	0	2
vOTU_1250	0	2	0	5124	8	576	0	0	12	666
vOTU_1437	211	215	11	33	105	24	9	0	18	117
vOTU_1477	274	3041	8	93	2	239	1082	5	12287	2486
vOTU_1063	14	724	11	57	4	34	270	5	7873	449
vOTU_1466	0	0	0	181	0	274	0	0	0	41
vOTU_1318	38	408	18	8	5	214	72	0	171	1254
vOTU_1122	44	28	156	85	110	279	1343	88	34	32
vOTU_1663	0	3	0	0	0	18	238	0	0	0
vOTU_624	0	0	33	14	530	6	143	44	2	0
vOTU_1603	0	0	253	4	0	185	0	0	0	0
vOTU_780	853	0	0	0	0	0	0	0	508	108
vOTU_1082	0	0	0	0	0	0	0	0	0	265
vOTU_954	8	32	553	1234	1346	790	0	2226	7	993
vOTU_1172	0	0	0	0	0	635	0	0	0	0
vOTU_964	1	2381	0	4	0	7	13	0	0	11
vOTU_1195	0	7	0	0	0	261	83	0	0	0
vOTU_903	0	0	297	0	0	0	0	0	0	0
vOTU_255	0	0	0	0	0	886	30	0	25	268
vOTU_1284	64	191	2032	1343	1592	2888	68	9038	176	5745
vOTU_502	1150	476	2405	838	966	132	428	0	126	303
vOTU_990	10	2995	1	10	1	162	24	19	56	24
vOTU_1567	16	7	0	0	0	0	288	0	0	38
vOTU_134	3424	84	54	7	38	8	11	3	97	494
vOTU_545	54	121	21	5	63	48	85	1	900	307
vOTU_824	0	0	0	915	1779	0	88	4	4	117
vOTU_1038	407	0	2	24	4	0	0	280	105	0
vOTU_172	2	0	1	5	4	32	8160	19	0	0
vOTU_939	1	125	3	0	0	413	356	1	2	3
vOTU_1351	34	2	0	173	0	7	2	0	55	180
vOTU_1561	0	0	0	0	0	243	0	0	0	0
vOTU_785	35	243	14	29	15	121	472	13	9143	232
vOTU_1350	181	186	0	24	0	30	253	5	5045	1205
vOTU_675	0	94	130	86	1620	1148	505	42	1	26
vOTU_899	0	0	0	744	0	1	0	0	0	0
vOTU_583	568	115	8	5	0	18	27	0	168	1616
vOTU_360	2	30	219	19	1312	1084	4261	409	0	190
vOTU_1053	0	0	0	260	0	2	0	0	0	0
vOTU_1411	0	11	50	0	101	248	132	6	2	0
vOTU_1450	518	0	0	0	0	0	0	0	0	10
vOTU_1021	0	6	3	0	69	572	148	1	0	0
vOTU_1156	0	9	25	84	58	130	0	609	0	1382
vOTU_1585	0	0	0	218	0	15	0	0	0	0
vOTU_1175	0	0	0	0	185	0	0	0	0	0
vOTU_364	292	61	1	0	0	8	33	10	1484	109
vOTU_1212	0	25	55	161	903	880	368	315	0	132
vOTU_136	2	39	311	389	10735	1193	6	1753	64	2340
vOTU_898	438	0	2	94	850	0	62	343	32	28
vOTU_1733	9	17	0	4	7	3	6	0	198	23
vOTU_1059	0	3	9	27	7	6	1504	60	0	20
vOTU_1676	0	0	0	0	0	465	0	0	0	0
vOTU_887	4	0	0	187	0	407	0	0	0	0
vOTU_1225	0	9	0	0	0	118	275	0	0	0
vOTU_254	0	0	0	0	3580	0	0	0	6	0
vOTU_1563	1	17	124	1105	723	161	740	265	0	324
vOTU_1079	0	2	0	0	0	2721	0	0	0	0
vOTU_533	0	31	0	0	0	3	811	0	0	0
vOTU_510	0	0	122	0	1287	2	0	133	18	11
vOTU_307	0	28	442	1746	180	611	2	620	8	473
vOTU_995	3	6	0	0	0	34	0	96	0	1482
vOTU_604	0	0	2	0	0	551	0	0	0	0
vOTU_650	1032	0	1	51	1058	0	37	92	43	12
vOTU_660	0	0	0	217	4370	0	2	22	3	0
vOTU_955	0	0	0	0	5	32	638	18	0	0
vOTU_147	0	0	0	0	6460	0	0	0	6	0
vOTU_230	1	383	4	6	0	16	103	16	19637	14
vOTU_612	4	444	2	75	0	19	39	0	6181	1434
vOTU_719	0	0	0	343	0	207	0	0	0	2
vOTU_930	643	234	427	235	318	62	137	0	36	153
vOTU_616	0	0	0	0	0	0	698	0	0	0
vOTU_617	0	0	0	1073	0	176	0	0	0	126
vOTU_1548	2	0	129	356	0	13	0	1095	0	1080
vOTU_1153	0	0	0	319	0	3	41	0	0	4
vOTU_1321	263	58	0	0	0	1	17	0	71	20
vOTU_362	0	0	0	0	63	0	1342	0	0	0
vOTU_822	2	43	0	764	888	229	0	0	0	26
vOTU_1036	30	9	3570	9	120	4	544	0	6	6
vOTU_1338	0	0	0	0	2	0	187	0	0	0
vOTU_1395	528	215	27	242	310	56	65	0	17	136
vOTU_484	0	0	0	0	0	904	0	0	0	0
vOTU_1335	0	15	576	2	10	94	997	108	0	113
vOTU_1534	0	37	0	1	0	5	21	0	389	42
vOTU_330	4	139	0	1132	0	57	186	4	4663	271
vOTU_7	0	83	1	69	3	3500	67	8	367	19481
vOTU_226	2	216	0	91	0	332	2674	0	14034	429
vOTU_529	0	0	0	2	0	786	0	0	0	0
vOTU_962	0	7	14	0	1893	0	19	0	2	0
vOTU_246	0	0	4222	0	0	0	0	0	0	0
vOTU_1512	0	0	0	49	0	0	2	6	200	1
vOTU_1685	196	0	0	0	0	0	0	0	0	0
vOTU_709	2	9	1	11	7	6	2782	19	0	5
vOTU_68	0	0	0	1	105	0	0	4362	0	0
vOTU_248	2	0	548	124	261	1434	0	4	2	117
vOTU_228	119	36	12	368	118	3206	0	379	10	556
vOTU_435	0	0	130	1984	2	63	0	0	0	0
vOTU_433	0	0	0	0	0	2327	0	0	0	0
vOTU_870	0	0	10	0	52	2	347	0	0	0
vOTU_718	0	62	4	0	0	1604	380	0	0	0
vOTU_275	0	0	8	0	42	2	1188	0	0	0
vOTU_929	4	2	0	16	0	391	0	0	0	2
vOTU_138	535	10	261	5406	920	2	0	15	6	3567
vOTU_1572	0	0	0	0	0	0	1	0	1	715
vOTU_1222	0	0	0	530	0	10	5131	0	0	806
vOTU_451	0	0	0	0	0	0	1014	0	0	0
vOTU_337	657	8576	18	140	6	113	4417	37	27281	669
vOTU_861	0	0	0	297	2	66	0	0	0	37
vOTU_176	0	0	0	2604	0	10	0	0	2	116
vOTU_1593	0	0	0	176	0	0	0	6	0	0
vOTU_881	350	0	0	0	0	0	0	0	0	0
vOTU_193	0	9901	433	5	23	88	91	0	27	413
vOTU_1640	0	4	1	0	18	0	247	0	0	0
vOTU_237	97	1161	27	8	0	44	2423	9	1110	967
vOTU_1030	2	24	403	322	111	277	512	46	0	0
vOTU_120	0	15	51	297	16	27	0	5278	8	2130
vOTU_1475	0	0	0	0	0	267	0	0	0	0
vOTU_1566	0	48	0	204	0	53	0	0	0	0
vOTU_1637	441	200	568	286	321	42	99	0	35	145
vOTU_1443	0	0	0	0	0	177	0	0	0	0
vOTU_576	0	10	4	23	39	27	99	733	0	9
vOTU_848	0	0	5	0	0	3084	0	0	0	0
vOTU_956	0	0	0	0	854	0	0	0	10	0
vOTU_252	0	0	0	0	0	595	1178	0	2	0
vOTU_1526	0	0	0	283	0	145	0	0	0	314
vOTU_31	0	0	73	0	482	0	3900	4	0	0
vOTU_917	0	0	0	0	0	0	0	401	0	0
vOTU_851	0	5	17	0	0	3	870	0	209	830
vOTU_1267	0	0	0	39	0	196	0	0	0	12
vOTU_1688	0	14	214	0	49	526	0	0	0	0
vOTU_443	22	26	0	7	11791	2	3	19	14	0
vOTU_767	0	0	0	0	1016	27	0	0	0	0
vOTU_1551	0	0	0	17	0	275	0	0	0	0
vOTU_528	5	41	2	26	2	2	4	0	9843	1
vOTU_259	0	0	0	1288	0	2	0	0	0	0
vOTU_1625	2	64	757	1087	1349	584	2474	446	4	141
vOTU_388	0	0	0	1420	0	0	0	0	0	0
vOTU_742	0	0	0	0	0	419	0	0	0	0
vOTU_185	3	10	90	38	5	147	2718	1	0	5
vOTU_1349	0	0	2	2	178	7	13	14	0	0
vOTU_1417	0	2	14	2	11	0	154	0	0	23
vOTU_227	426	2014	35	1365	70	80	895	6	3430	851
vOTU_1488	0	0	33	8	5	20	381	10	0	0
vOTU_444	0	0	0	0	0	173	1039	0	11	366
vOTU_30	36	268	1192	1762	2647	4483	0	4437	52	17078
vOTU_1060	0	69	605	1225	2327	661	2500	559	0	125
vOTU_935	0	0	0	0	61	0	1628	0	0	0
vOTU_1514	0	0	0	182	4	11	0	0	0	0
vOTU_328	2	0	0	354	17	11	3910	16	0	84
vOTU_391	1	163	0	1	0	28	5	0	10548	0
vOTU_835	0	0	4	31	10	108	0	1587	0	61
vOTU_609	0	0	2	0	15	0	640	0	0	0
vOTU_655	0	0	1	9	4	68	2139	3	0	0
vOTU_1129	1059	5876	117	70	1984	143	1728	47	10427	210
vOTU_1288	0	33	2	0	0	246	0	0	0	0
vOTU_167	0	0	0	1703	0	4	0	0	0	0
vOTU_159	165	159	343	12778	176	27	68	69	116	431
vOTU_1564	21	225	3	3	1	11	438	5	306	38
vOTU_1581	0	5	0	0	0	15	2	0	3	742
vOTU_1656	0	6	159	0	0	1	3	71	0	0
vOTU_1075	0	0	0	0	0	424	0	0	0	0
vOTU_454	0	46	0	0	0	0	1035	0	0	0
vOTU_683	37	58	27	8	0	501	34	0	299	95
vOTU_1413	386	87	337	96	223	7	52	0	19	10
vOTU_1331	0	13	84	6	628	148	215	105	2	2
vOTU_82	1209	10831	78	16	77	0	343	0	0	59
vOTU_1508	526	186	192	240	285	46	45	0	18	155
vOTU_1419	0	2	2	163	0	0	12	0	0	0
vOTU_1697	0	19	61	5	0	180	252	0	309	281
vOTU_987	0	0	0	0	633	0	301	1	0	0
vOTU_20	0	200	752	869	1862	11890	0	72	22	3750
vOTU_1277	5	0	0	0	0	4	6	0	0	189
vOTU_457	2	0	0	154	0	11	67	774	0	59
vOTU_691	0	0	0	0	0	0	755	0	0	0
vOTU_731	46	14	487	1410	473	73	0	41	3	455
vOTU_1649	170	0	0	0	0	0	1	0	0	0
vOTU_1554	0	0	1	0	0	189	0	0	0	0
vOTU_752	0	0	0	3	0	0	501	884	0	0
vOTU_18	0	0	0	1407	0	0	0	16924	2	0
vOTU_1425	24	14	0	0	0	2	804	4	0	13
vOTU_1505	0	12	62	12	173	347	279	22	0	0
vOTU_592	69	84	0	0	31	0	3	0	1290	73
vOTU_605	8	89	0	287	0	617	0	0	0	2
vOTU_1683	0	0	0	0	0	161	0	0	0	0
vOTU_1738	0	28	2	21	2	112	0	327	1	551
vOTU_1101	0	0	0	0	0	28	0	0	0	293
vOTU_112	0	0	0	11600	0	0	0	5	2	4127
vOTU_1711	0	0	0	223	0	0	246	2	0	2
vOTU_1161	2	0	1	203	116	0	15	73	0	0
vOTU_1391	18	83	14	20	97	9	31	0	1072	1913
vOTU_472	0	0	0	755	0	0	0	0	0	0
vOTU_1414	0	0	0	383	8	12	1197	511	0	173
vOTU_572	155	0	714	309	69	35	25	0	0	121
vOTU_627	0	0	0	6	0	1449	0	0	0	0
vOTU_272	0	47	0	0	0	133	1319	0	0	0
vOTU_1049	0	0	122	1	0	232	0	0	0	0
vOTU_1612	299	147	1345	144	493	30	243	0	27	62
vOTU_1634	0	5	0	0	0	1691	151	3	4	0
vOTU_850	0	0	0	0	0	1	33	588	0	0
vOTU_1367	0	0	0	63	2377	0	5	0	4	0
vOTU_1354	19	19	8	0	1	8	19	0	391	48
vOTU_1767	2	32	193	187	454	1042	0	1250	11	1452
vOTU_744	9	0	0	132	0	840	0	2	2	664
vOTU_1320	0	0	25	10	0	23	432	8	0	0
vOTU_83	7	6	274	7193	219	3	0	38	4	662
vOTU_1478	0	0	0	0	0	101	0	321	2	658
vOTU_977	2	133	491	687	833	1481	0	5653	14	2247
vOTU_1671	65	106	1605	2429	2048	2491	5	5650	50	4280
vOTU_75	34	195	4632	48	217	2	225	15	33	8
vOTU_385	0	0	0	987	0	0	0	0	0	0
vOTU_77	424	2153	54	41	11	138	497	24	17730	845
vOTU_51	2	14	537	1246	4475	312	2	9	11	1348
vOTU_749	0	0	20	1	0	0	942	0	0	0
vOTU_1150	15	13	22	2	0	8	253	0	101	197
vOTU_178	6512	3	0	1201	21192	5	6	489	1	3
vOTU_1025	47	63	0	6	2	35	122	0	528	629
vOTU_361	0	0	0	0	0	0	0	1885	0	0
vOTU_351	2146	2	1	632	287	3	2	353	8	30
vOTU_409	1	0	0	269	0	5	3376	3	0	248
vOTU_580	0	0	0	3325	0	0	0	0	0	1005
vOTU_797	32	16	0	4	30	108	651	3	134	131
vOTU_220	285	1	1	182	5651	0	114	52	50	21
vOTU_921	601	4141	14	17	36	89	1483	17	7228	243
vOTU_985	0	0	0	305	0	0	0	0	0	0
vOTU_1469	0	3	23	0	38	1074	12	0	0	0
vOTU_947	0	191	0	10	0	449	880	8	15	1
vOTU_579	0	0	0	563	0	0	0	0	0	0
vOTU_267	0	2220	1	0	3	0	4	375	1	0
vOTU_1764	0	0	6	266	0	12	195	209	0	1
vOTU_1	0	4	0	5617	0	663636	0	2	3	0
vOTU_1149	0	0	272	0	0	0	0	0	0	0
vOTU_769	0	40	0	0	0	5	124	0	549	11
vOTU_208	0	14	0	28	3	61	299	0	5914	5755
vOTU_231	83	7567	12	23	61	146	162	8	420	3839
vOTU_335	0	2	1	0	1935	2799	637	0	6	0
vOTU_107	0	0	0	6	0	3	0	4165	0	0
vOTU_329	0	0	0	1817	0	77	0	0	0	129
vOTU_1615	203	0	0	0	0	0	0	0	0	0
vOTU_494	3646	4	0	909	330	4	1	506	2	8
vOTU_99	206	98	4526	5601	10594	2506	2	3325	72	7460
vOTU_1196	0	0	0	774	0	2215	0	0	0	0
vOTU_90	504	6	1	1	3	90	2836	1	136	220
vOTU_342	22	19	262	3446	483	6	0	1	2	574
vOTU_513	2	114	26	4	23	39	22	0	25	2845
vOTU_13	0	0	0	0	1160	8	13130	0	0	0
vOTU_880	0	0	13	0	65	0	361	0	0	0
vOTU_1452	0	0	0	0	0	82	138	0	0	0
vOTU_1518	173	40	32	33	4	404	236	0	4387	738
vOTU_1209	0	4	0	83	120	160	0	0	0	2
vOTU_1454	0	17	110	0	19	749	0	17	0	0
vOTU_944	1	42	5	0	49	324	0	0	10	21
vOTU_1553	12	0	0	0	0	0	0	0	186	9
vOTU_116	180	353	14	11	6	0	2390	0	0	0
vOTU_800	0	2	66	15	6	40	699	0	0	4
vOTU_702	1458	0	0	0	22	0	0	0	0	2
vOTU_19	0	0	367	9886	7	1334	0	2	0	769
vOTU_747	764	0	0	12	0	0	0	39	2	0
vOTU_1737	0	0	1	52	441	14	660	1320	1	343
vOTU_39	3	2	6	4343	170	135	537	21	0	907
vOTU_1013	516	698	98	185	14	235	598	6	866	838
vOTU_1638	342	0	0	139	1744	0	35	159	36	2
vOTU_166	0	0	74	0	280	0	1828	0	0	0
vOTU_559	0	0	0	537	6	103	0	0	0	0
vOTU_70	1	0	259	7314	53	2	0	1	0	351
vOTU_766	15	17	163	5	7	0	556	0	2	0
vOTU_1224	29	24	2	2	0	19	224	0	11	39
vOTU_1521	0	0	0	188	0	86	0	0	0	0
vOTU_621	93	857	23	25	53	40	426	2	2873	1544
vOTU_680	1024	529	1824	654	961	115	368	2	102	216
vOTU_1373	0	0	0	0	0	291	0	0	0	0
vOTU_922	254	719	451	343	399	395	411	416	256	258
vOTU_974	0	6	0	0	0	0	0	225	0	0
vOTU_1017	0	0	0	270	0	44	0	0	0	26
vOTU_1557	1	320	3	67	2	93	394	0	327	463
vOTU_509	0	0	0	0	103	0	898	0	0	0
vOTU_1531	1444	4016	248	497	1785	452	1482	167	5515	2911
vOTU_693	4	218	0	0	2	2088	0	0	4	1480
vOTU_111	0	112	436	500	2998	1665	0	34	33	3524
vOTU_371	201	15	0	0	6	160	40	4	1233	572
vOTU_992	0	0	6	0	19	0	343	0	0	0
vOTU_601	0	0	6	12	43	52	0	0	5	4318
vOTU_981	0	0	0	0	1	146	0	0	2	418
vOTU_768	0	0	0	0	0	0	773	0	0	0
vOTU_1022	0	0	0	27	0	237	0	0	0	35
vOTU_1313	0	177	0	56	0	0	0	0	0	0
vOTU_94	129	10	29	6887	360	9	0	0	2	49
vOTU_808	0	0	0	0	0	23	437	0	0	0
vOTU_405	0	93	915	2246	2320	1259	0	3742	10	1767
vOTU_577	8	27	622	445	514	3971	0	1783	6	1791
vOTU_1438	3	19	0	2	6	29	128	14	3013	7
vOTU_1187	0	0	0	209	2	32	0	0	0	0
vOTU_819	0	0	27	0	0	265	0	0	0	0
vOTU_1100	244	290	4	84	154	53	821	1	13736	1294
vOTU_1645	0	0	136	0	0	11	0	32	0	0
vOTU_1234	0	0	2	4	229	0	32	38	0	0
vOTU_333	0	0	62	12	90	24	1140	6	0	0
vOTU_1418	803	0	0	169	1800	0	141	126	72	42
vOTU_1090	29	2441	2	59	4	45	358	5	2089	893
vOTU_1133	0	0	243	3	0	250	0	0	0	0
vOTU_542	0	1	10	0	2023	43	2	1	0	0
vOTU_1705	0	4	0	0	0	0	139	0	0	0
vOTU_1099	68	34	2	45	1	13	57	12	714	282
vOTU_1353	32	3	58	304	282	186	0	327	4	1256
vOTU_425	0	0	164	0	0	2	1089	0	0	0
vOTU_477	0	6	83	195	384	2	0	0	5	2388
vOTU_1337	257	523	1717	825	547	984	2368	1584	1048	718
vOTU_1445	0	2	0	0	0	6	0	2	0	226
vOTU_1763	0	7	22	0	78	557	104	2	0	0
vOTU_449	1654	2	1	0	0	8	6	0	12	25
vOTU_728	0	0	0	0	0	0	0	550	0	0
vOTU_1404	539	2564	60	56	86	90	642	17	5619	1248
vOTU_1667	0	12	0	0	0	0	133	0	0	0
vOTU_823	5	82	0	423	0	16	0	0	1	0
vOTU_1210	2	0	0	102	0	0	0	1479	0	0
vOTU_1045	0	4	13	52	1465	483	432	22	0	22
vOTU_104	206	0	4	25	0	22	160	0	66	3733
vOTU_610	1095	52	0	130	1	0	0	0	128	0
vOTU_92	344	0	0	1	0	29	22	0	26262	5660
vOTU_1673	0	0	136	156	0	0	5	2	0	0
vOTU_344	0	0	1259	0	0	65	0	47	0	41
vOTU_1019	0	37	0	0	0	30	449	0	0	0
vOTU_1516	0	193	0	7	0	4	2	0	148	0
vOTU_110	0	13	1711	45	4199	13	0	47	16	115
vOTU_1334	0	0	0	0	0	80	164	0	0	0
vOTU_1264	0	0	0	0	0	0	248	0	0	0
vOTU_306	0	77	0	3	0	275	2412	1	4	1
vOTU_1423	226	50	34	281	59	19	18	2	16	92
vOTU_1611	0	0	1	0	4	0	224	0	0	0
vOTU_1286	0	5	1	0	0	26	9	0	368	96
vOTU_1422	0	15	14	395	0	7	48	245	0	196
vOTU_1652	0	30	35	0	346	366	156	26	4	0
vOTU_1522	0	0	0	0	0	0	264	0	0	0
vOTU_1726	227	157	8	68	96	12	6	0	12	12
vOTU_194	0	1	17	3	11	2315	10	146	0	2
vOTU_1221	0	0	0	12	6	2	597	0	0	0
vOTU_1265	0	0	6	0	36	0	331	0	0	0
vOTU_1315	399	872	63	114	463	289	330	43	1322	751
vOTU_325	1992	2	0	0	0	0	1	0	169	22
vOTU_832	0	16	0	8	0	2	0	13	0	2793
vOTU_1071	0	42	199	12	7	630	171	88	0	2
vOTU_126	0	0	0	10259	0	0	0	83	0	21
vOTU_1087	0	0	0	0	0	0	0	251	0	0
vOTU_1632	4	0	2	1	0	174	67	29	0	2
vOTU_503	0	43	850	599	877	1053	2	5879	28	6732
vOTU_1096	0	1	0	0	0	4	0	411	0	63
vOTU_55	0	0	0	41267	268	8	459	222	2	21
vOTU_670	101	51	0	1	0	1	10	0	882	7
vOTU_843	0	0	31	306	0	84	2174	244	0	0
vOTU_1621	0	10	172	8	521	58	53	10	0	0
vOTU_278	0	0	0	0	0	0	1645	0	0	0
vOTU_163	3	18	363	1128	936	3242	0	2207	5	1147
vOTU_666	223	84	218	82	738	35	148	0	23	41
vOTU_169	0	0	1409	0	0	0	0	0	0	0
vOTU_1094	0	2	0	0	0	0	201	0	0	1
vOTU_296	326	5	13	4091	298	299	0	61	4	1256
vOTU_1665	0	30	29	0	88	234	194	16	0	0
vOTU_1530	14	7	0	1	0	2	498	0	0	519
vOTU_1256	3	115	0	4	3	1253	222	0	0	4
vOTU_1407	0	0	0	0	0	185	0	0	0	0
vOTU_1527	0	8	205	26	2	2	2	0	0	0
vOTU_1595	0	0	0	0	0	0	2	0	4727	752
vOTU_66	2	111	3153	916	979	891	1	1322	2	728
vOTU_703	43	2601	7	13	0	93	1221	1	8733	140
vOTU_153	2	8	9	2149	393	92	7502	1378	0	752
vOTU_527	0	75	263	26	8	2247	66	33	0	8
vOTU_1326	0	0	0	0	0	417	0	0	0	0
vOTU_118	0	43	0	0	0	130	2801	0	0	0
vOTU_86	0	0	63	6485	2	154	0	0	2	0
vOTU_303	358	7330	44	29	2	57	437	9	3123	624
vOTU_1130	0	0	6	174	0	0	0	0	0	0
vOTU_429	0	0	126	0	2172	18	69	25	0	0
vOTU_1605	1045	348	32	199	1949	44	315	139	688	333
vOTU_129	32	1269	13	161	0	661	1438	6	54340	10334
vOTU_1520	0	8	198	0	31	693	0	3	0	0
vOTU_830	398	717	0	25	4	10	199	1	595	1838
vOTU_426	12	31	0	2	0	5	2198	1	44	16
vOTU_1751	0	18	12	0	7	50	284	22	0	168
vOTU_663	0	50	1	2	2460	0	0	0	12	0
vOTU_849	0	0	0	0	0	0	462	0	0	0
vOTU_1179	1	0	2	0	0	0	0	0	0	1147
vOTU_669	0	0	0	0	0	228	526	0	0	0
vOTU_284	0	165	0	0	0	1309	104	0	0	0
vOTU_1618	2	7	192	499	92	31	0	2158	2	1540
vOTU_1136	0	0	0	104	0	0	0	0	0	905
vOTU_432	0	0	40	3	3	213	2149	55	0	0
vOTU_299	0	0	0	0	17	0	1265	0	0	0
vOTU_486	0	99	89	468	1551	2690	970	551	0	416
vOTU_1481	0	0	0	152	0	0	0	0	0	0
vOTU_10	0	0	67	3	0	857	0	12921	0	168
vOTU_1435	0	0	0	302	0	2	17	162	0	9
vOTU_1103	0	0	4	0	0	336	63	1	0	0
vOTU_1578	0	2	0	2	0	73	166	0	0	0
vOTU_1682	0	0	0	13	3	0	0	0	0	197
vOTU_587	0	70	770	206	1677	60	0	2685	4	3666
vOTU_732	0	0	1	0	1	1	0	0	0	8414
vOTU_710	61	0	0	0	0	0	745	0	59	28
vOTU_1715	288	52	61	86	78	10	26	0	11	10
vOTU_1576	89	2003	0	58	14	21	328	10	1095	121
vOTU_986	191	419	105	268	326	1566	178	2557	592	7424
vOTU_1027	0	32	333	0	106	1079	21	1	0	2
vOTU_142	112	2	0	14	0	0	2596	2	38	502
vOTU_1759	0	0	18	10	133	8	66	23	0	2
vOTU_157	1057	4017	158	276	13	166	1174	37	19898	4093
vOTU_1072	1	0	0	237	221	19	0	0	0	9
vOTU_1281	0	36	30	1	201	417	225	21	0	2
vOTU_826	0	0	0	0	0	0	822	0	0	0
vOTU_1428	221	599	25	224	157	48	191	19	907	321
vOTU_1304	0	0	0	2	0	0	0	276	0	0
vOTU_846	0	2	1	41	644	0	0	0	8	0
vOTU_1307	0	0	0	0	448	0	205	0	2	0
vOTU_1386	0	0	232	0	0	0	2	0	0	0
vOTU_1107	0	0	0	89	0	0	0	1370	0	0
vOTU_844	0	0	3	0	937	23	0	4	4	0
vOTU_632	100	628	14	132	8	105	1334	16	6060	1298
vOTU_828	0	0	10	0	555	0	2	0	1	0
vOTU_1589	0	0	0	153	252	0	0	3	0	0
vOTU_462	0	1	444	173	13	79	0	4210	3	2809
vOTU_948	27	0	0	246	3741	0	1	42	2	0
vOTU_65	0	0	0	0	0	3907	0	0	0	0
vOTU_953	148	0	0	551	8076	0	90	245	5	5
vOTU_1370	0	24	7	0	63	626	49	6	0	0
vOTU_379	0	18	19	0	1404	198	38	6	4	0
vOTU_794	0	51	145	193	272	1909	47	2	0	100
vOTU_1134	0	0	0	0	0	0	196	0	0	0
vOTU_214	0	135	740	1	428	7248	38	156	0	2
vOTU_1003	0	43	293	0	525	1197	198	0	0	0
vOTU_345	1145	4	0	113	2588	1	71	66	23	15
vOTU_375	0	113	436	1	4	4371	19	12	0	22
vOTU_1364	0	0	0	3613	0	0	0	0	0	855
vOTU_200	0	2	11	10	9	36	0	80	4	9346
vOTU_128	0	0	0	0	0	0	2681	0	21	0
vOTU_290	8	24	33	23	1	57	268	1	70	1914
vOTU_123	2	176	18	165	2	24	80	0	31181	38
vOTU_314	0	7512	0	0	0	0	0	0	128	0
vOTU_1570	0	0	0	238	0	0	6	1	0	109
vOTU_816	0	19	435	270	1863	912	0	449	8	548
vOTU_968	0	0	0	355	0	1948	0	0	0	0
vOTU_256	2	62	745	751	36	162	0	4642	0	6211
vOTU_686	0	2	0	0	0	127	0	629	0	708
vOTU_1177	0	69	470	0	157	160	238	102	2	8
vOTU_523	0	0	0	0	0	2133	2	6	0	0
vOTU_424	11	0	0	1518	0	341	0	0	2	156
vOTU_416	7	15	38	35	596	71	16	4	1127	78
vOTU_667	0	0	0	100	0	56	0	792	0	0
vOTU_1716	0	0	0	9827	0	0	0	0	2	2904
vOTU_1648	1119	3	0	179	0	2	74	624	0	15
vOTU_28	2	6	1287	0	33	24099	2	37	0	0
vOTU_839	0	0	0	0	0	2	0	517	0	44
vOTU_1666	0	0	0	24	6	1	33	140	0	255
vOTU_1604	4	0	0	11	1426	0	2	17	1	0
vOTU_42	0	0	0	22	0	0	173	6072	0	0
vOTU_1474	0	5	4	0	0	0	0	0	221	14
vOTU_283	21	120	0	109	0	11	22	13	7166	1260
vOTU_453	1820	1893	215	339	17	471	1265	44	7254	3155
vOTU_1635	2	3	0	431	69	32	0	0	0	44
vOTU_1366	0	0	0	332	0	80	453	247	0	127
vOTU_302	0	17	3	676	136	75	4856	642	0	374
vOTU_496	0	0	0	185	4	620	58	175	0	0
vOTU_659	163	2542	87	401	5	63	1420	2	7816	1758
vOTU_464	16	91	444	0	0	0	0	0	670	0
vOTU_1296	355	2176	56	39	10	48	428	7	2494	622
vOTU_78	0	0	0	0	0	89568	0	0	0	0
vOTU_863	0	0	38	16	0	59	837	18	0	0
vOTU_1356	8	48	5	110	2	5	49	11	813	27
vOTU_795	0	0	372	0	5	46	2	0	0	0
vOTU_733	0	0	0	1613	0	0	0	14	0	869
vOTU_876	0	0	0	0	8	0	277	0	0	0
vOTU_983	0	0	56	1	0	271	0	0	0	0
vOTU_614	0	76	99	0	34	784	179	16	0	0
vOTU_852	0	0	0	0	0	18	0	388	0	0
vOTU_1192	5	15	0	0	0	0	140	0	40	20
vOTU_103	1	10441	1	132	1	426	118	14	1104	323
vOTU_14	0	0	0	18	220	144	0	14	3	24228
vOTU_705	0	0	0	1007	7	159	0	0	0	117
vOTU_1459	1	1	2	1	0	172	0	0	1	582
vOTU_488	0	139	158	0	1832	1307	603	67	1	2
vOTU_1342	0	0	0	541	0	0	0	2	0	564
vOTU_889	0	0	2	0	0	0	1990	1	0	0
vOTU_1358	53	159	0	25	0	390	187	0	40	30
vOTU_192	56	4254	0	7	1	5	69	8	1357	14
vOTU_121	1	225	0	11	0	10	38	0	27056	0
vOTU_348	1397	2	0	561	5523	2	44	521	42	3
vOTU_1600	0	0	0	228	0	23	0	0	0	2
vOTU_1541	2	6	116	301	0	461	5	145	0	151
vOTU_359	15	291	241	12	0	0	143	0	757	141
vOTU_1016	0	57	42	144	19	1403	646	39	0	74
vOTU_514	0	0	0	560	0	0	0	0	0	0
vOTU_759	0	2	66	18	11	32	769	0	0	4
vOTU_274	2	195	156	3167	1014	26	0	8023	8	7674
vOTU_84	6073	458	53	22	12	0	95	0	1	0
vOTU_1680	0	0	0	0	0	0	134	0	0	0
vOTU_1693	0	0	0	157	0	29	0	0	0	0
vOTU_1116	0	12	15	0	391	8	754	6	0	0
vOTU_315	0	1	553	117	28	23	0	81	2	3184
vOTU_419	0	0	0	0	5483	0	2	0	0	0
vOTU_1266	0	0	0	84	10514	0	0	0	2	0
vOTU_734	0	0	0	674	0	36	0	0	0	0
vOTU_890	0	0	0	301	0	0	0	0	0	0
vOTU_1228	265	3127	3	31	2	23	1368	13	9448	359
vOTU_1357	0	0	209	5	20	0	0	0	0	18
vOTU_215	11	452	5	9	62	11	2152	15	28	11
vOTU_695	0	0	1907	16	0	57	0	0	0	2
vOTU_764	940	235	16	350	2149	26	205	132	405	185
vOTU_969	2	72	0	165	0	356	0	0	0	0
vOTU_57	0	0	2794	139	17	31	0	0	8	0
vOTU_1743	26	168	1	32	2	169	2793	0	511	1842
vOTU_1220	100	32	5	12	12	10	95	1	943	35
vOTU_291	749	1417	195	68	8	151	1847	31	19293	1275
vOTU_411	0	86	144	219	391	425	4361	563	0	48
vOTU_934	22	2815	2	4	0	7	39	0	233	31
vOTU_1146	161	31	147	4	411	0	0	0	48	17
vOTU_1317	0	6	0	53	6	2213	0	0	2	26
vOTU_301	4	0	154	54	3056	184	135	0	2	0
vOTU_319	0	95	2	70	3342	2	4	0	19	0
vOTU_1515	0	34	34	0	229	406	172	26	2	0
vOTU_518	15	57	26	3	0	18	1177	2	155	20
vOTU_567	0	0	20	31	0	20	1021	35	0	2
vOTU_423	120	0	37	2770	0	347	0	872	0	1507
vOTU_1668	0	0	0	0	340	3	132	1	2	0
vOTU_8	2	119	548	1216	1582	3350	0	3489	48	38681
vOTU_438	0	0	768	0	0	2688	0	0	0	0
vOTU_186	0	254	0	0	0	1865	252	2	2	0
vOTU_550	21	0	3	23	0	67	8	0	0	1103
vOTU_1607	0	0	0	0	0	355	0	0	0	0
vOTU_1127	2	43	228	326	535	958	0	1023	5	1259
vOTU_1392	35	0	0	56	17	0	128	13	8	0
vOTU_697	0	48	58	25	33	64	3740	30	0	7
vOTU_67	21	39	8	11	4	110	288	4	3946	249
vOTU_1491	0	0	1	160	0	0	0	0	0	1
vOTU_250	1655	0	0	158	257	0	113	251	33	2
vOTU_206	2805	248	34	45	0	74	274	2	4643	845
vOTU_1647	0	0	0	100	2090	0	0	17	0	2
vOTU_422	0	0	0	1012	0	25	3661	1530	0	490
vOTU_224	22	0	0	8	0	41	1750	0	36	8
vOTU_4	0	0	0	0	20842	0	2	17	2	2
vOTU_1197	15	146	5	3	1	264	90	0	126	374
vOTU_1329	0	1	191	5	0	165	0	0	0	0
vOTU_1388	0	0	0	0	0	255	0	0	0	0
vOTU_665	0	0	0	610	0	3	399	0	0	0
vOTU_339	0	0	820	0	0	0	0	0	0	0
vOTU_896	0	1	0	0	0	542	0	67	0	3
vOTU_56	0	20	0	0	0	2332	0	3	0	2305
vOTU_321	2	3	230	450	366	175	225	2628	1	603
vOTU_1486	0	0	0	151	0	6	0	0	0	10
vOTU_146	4290	1962	79	137	99	106	442	21	4286	937
vOTU_1468	0	0	1	0	0	259	0	0	14	0
vOTU_757	2	134	1362	2277	3119	1600	2342	866	5	130
vOTU_420	0	6	0	0	0	0	0	766	0	0
vOTU_782	0	0	3	44	23	2	0	375	0	1315
vOTU_87	3961	3918	44	83	8	111	30	47	1200	146
vOTU_350	6	0	0	1573	2	1021	0	0	2	201
vOTU_1446	144	8	0	0	0	0	0	0	0	0
vOTU_957	0	0	0	1	0	5	4	0	0	1177
vOTU_1501	241	47	0	0	0	17	44	0	0	293
vOTU_53	26	14237	1	6	10	7	40	4	1805	17
vOTU_158	0	21	22	0	259	2155	123	18	0	0
vOTU_741	4	56	3	2	4401	5	262	0	105	9
vOTU_124	0	4790	0	0	0	0	0	0	10	0
vOTU_334	0	6	209	3	986	102	189	16	0	0
vOTU_1591	293	33	57	34	665	292	439	0	353	408
vOTU_735	0	0	0	0	0	910	0	0	0	0
vOTU_492	0	0	20	0	119	0	702	0	0	0
vOTU_460	0	31	91	128	1189	263	0	12	13	493
vOTU_1503	0	0	4	0	0	188	0	0	0	0
vOTU_1165	101	643	2	23	1	16	393	10	5154	1055
vOTU_1577	2	0	0	150	0	125	0	0	0	226
vOTU_803	0	0	41	10	21	92	691	10	0	0
vOTU_1571	243	0	0	82	63	0	34	180	27	6
vOTU_807	0	5	352	13	51	177	24	5	0	13
vOTU_195	0	0	4924	16	0	0	0	0	0	0
vOTU_1034	0	0	33	14	249	24	82	62	0	2
vOTU_1297	0	0	9	2	0	220	0	5	0	282
vOTU_1762	10	72	67	6	1	104	223	0	325	441
vOTU_818	0	0	0	0	0	0	0	592	0	0
vOTU_338	0	2	1333	140	28	0	0	0	0	2
vOTU_694	0	2	352	776	679	155	0	2192	10	6144
vOTU_1410	4	33	0	186	0	6	0	0	0	6
vOTU_788	0	7	14	8	11	1145	256	27	0	0
vOTU_982	80	141	2	38	2	432	68	0	1391	130
vOTU_1583	0	0	0	183	7	7	104	235	0	65
vOTU_1614	26	2	24	265	0	0	0	643	0	2588
vOTU_1108	0	73	45	0	15	993	29	252	0	0
vOTU_713	0	2	31	0	66	4	353	19	0	2
vOTU_1230	17	0	19	167	11	968	0	322	0	22
vOTU_1442	0	50	0	216	0	80	0	0	0	0
vOTU_113	0	0	0	0	104	0	10134	52	0	0
vOTU_1042	0	0	0	0	0	0	964	0	0	0
vOTU_1199	331	0	0	62	0	0	0	5	0	0
vOTU_491	0	0	827	2	12	0	0	132	0	0
vOTU_1490	0	4	0	595	0	0	0	0	0	0
vOTU_1185	0	0	0	0	0	272	0	0	0	0
vOTU_270	0	53	74	0	2673	616	799	90	3	0
vOTU_958	5	0	0	182	0	299	0	0	1	1
vOTU_269	72	12	20	5	0	26	404	0	1362	515
vOTU_71	0	0	0	2847	0	0	0	0	0	3045
vOTU_1608	0	0	0	4	0	4	471	38	0	34
vOTU_1453	0	0	4	1	17	666	121	16	0	0
vOTU_973	0	0	0	0	0	0	571	0	0	0
vOTU_1310	0	0	2	34	0	0	0	0	237	0
vOTU_720	0	0	0	0	0	0	0	594	0	0
vOTU_1126	0	0	8	12	15	0	0	0	0	958
vOTU_914	2	0	4	42	272	0	0	1	0	579
vOTU_1047	20	6	0	0	2	2	1233	0	43	134
vOTU_531	0	0	44	1829	0	483	0	0	2	0
vOTU_1535	2	442	5	185	0	5	2677	0	4920	407
vOTU_164	0	0	0	0	267	0	2898	0	0	0
vOTU_26	36	5741	78	3	1	39	26	0	17	509
vOTU_1447	391	302	1173	245	431	67	169	0	46	187
vOTU_855	60	12	168	51	0	0	0	7	0	2370
vOTU_336	0	3	63	6	1546	1	0	27	33	224
vOTU_838	0	0	0	2624	0	0	0	3	0	335
vOTU_649	0	0	0	20	459	1	6	0	0	0
vOTU_11	0	0	0	0	0	6723	0	0	0	0
vOTU_678	14	15	150	351	209	1524	0	2579	3	2976
vOTU_772	0	48	523	63	499	656	599	144	2	53
vOTU_645	0	33	126	556	423	333	0	1231	5	27
vOTU_407	2381	203	0	430	525	3	42	484	5	0
vOTU_793	0	0	0	405	0	0	0	0	0	0
vOTU_859	0	0	192	38	4	16	0	1621	0	140
vOTU_1686	0	0	0	93	0	0	0	960	0	0
vOTU_287	1680	3529	9	9	0	291	1902	14	1655	448
vOTU_105	27	433	46	0	0	74	2	6	49	6767
vOTU_1722	92	0	0	39	1407	0	8	24	14	2
vOTU_1544	109	24	47	3	2	267	138	0	379	78
vOTU_1687	0	0	4	0	360	19	165	0	0	0
vOTU_459	115	119	2	3	7	140	115	0	852	230
vOTU_1085	0	29	7	63	48	29	1677	34	0	36
vOTU_1238	0	73	6	9	543	81	35	0	584	780
vOTU_161	0	8309	2	97	8	10	300	16	2004	474
vOTU_308	0	0	0	40	1986	0	2619	0	8	16
vOTU_392	0	0	42	22	107	6	1037	6	0	0
vOTU_180	0	0	0	0	4896	0	0	0	2	0
vOTU_902	2	0	0	631	0	101	0	0	0	0
vOTU_978	0	0	0	383	0	425	0	0	0	4
vOTU_1283	0	16	0	0	0	260	37	0	0	0
vOTU_431	2	6	281	226	414	2929	445	29	2	309
vOTU_912	4	0	0	268	2	93	0	0	0	23
vOTU_365	5	485	0	0	0	1	2442	0	300	8
vOTU_357	2	14	277	877	298	5666	0	6355	4	1982
vOTU_568	0	0	0	335	2279	534	0	0	0	321
